# callgrind format
version: 1
creator: callgrind-3.22.0
pid: 440
cmd:  ./build-gcc-release/olm match data/names.txt data/kjv.txt
part: 1


desc: I1 cache: 
desc: D1 cache: 
desc: LL cache: 

desc: Timerange: Basic block 0 - 539297329
desc: Trigger: Program termination

positions: line
events: Ir
summary: 2274231953


ob=(6) /mnt/d/GitHub/omega-match/build-gcc-release/olm
fl=(194) ???
fn=(1260) compare_patterns
0 296775

fn=(1288) omega_list_matcher_match
0 47
cfn=(1290) core_match
calls=1 0 
0 130722422

fn=(926) 0x0000000000003940
0 12

fn=(1108) omega_list_matcher_compile_patterns
0 23
cfn=(1110) omega_list_matcher_compiler_create
calls=1 0 
0 12607
0 320722
cfn=(1172) omega_list_matcher_compiler_add_pattern
calls=29156 0 
0 59418842
0 262404
cob=(3) ???
cfi=(153) ???
cfn=(1170) 0x000000000010a4b0
calls=29156 0 
0 613848
0 87472
cfn=(1220) omega_list_matcher_compiler_get_pattern_store_stats
calls=1 0 
0 5
0 15
cfn=(1222) omega_list_matcher_compiler_destroy
calls=1 0 
0 18501284

fn=(1178) dedup_set_add
0 5134078
cob=(3)
cfi=(153)
cfn=(950) 0x000000000010a550
calls=64386 0 
0 12083454
0 515088
cob=(3)
cfi=(153)
cfn=(1180) 0x000000000010a500
calls=64386 0 
0 1506740
0 374168
cob=(3)
cfi=(153)
cfn=(950)
calls=29156 0 
0 5519031
0 233248
cob=(3)
cfi=(153)
cfn=(1180)
calls=29156 0 
0 685124
0 349888
cob=(3)
cfi=(153)
cfn=(1130) 0x000000000010a4d0
calls=2 0 
0 845
0 582280
cob=(3)
cfi=(153)
cfn=(1212) 0x000000000010a380
calls=2 0 
0 148
0 8

fn=(1224) destroy_pattern_store
0 4
cfn=(1226) destroy_store_append
calls=1 0 
0 3107259

fn=(1272) hash_table_free
0 114889
cob=(3)
cfi=(153)
cfn=(1212)
calls=1 0 
0 67
0 32589
cob=(3)
cfi=(153)
cfn=(1212)
calls=10861 0 
0 1292965
0 76028

fn=(962) omega_list_matcher_is_compiled
0 9
cob=(3)
cfi=(153)
cfn=(964) 0x000000000010a5f0
calls=1 0 
0 622
0 8
cob=(3)
cfi=(153)
cfn=(994) 0x000000000010a3d0
calls=1 0 
0 590
0 3
cob=(3)
cfi=(153)
cfn=(1032) 0x000000000010a410
calls=1 0 
0 505
0 14

fn=(1132) init_pattern_store
0 2
cfn=(1134) init_store_append
calls=1 0 
0 1222

fn=(1218) hash_table_resize
0 16
cob=(3)
cfi=(153)
cfn=(1130)
calls=1 0 
0 414
0 907813
cob=(3)
cfi=(153)
cfn=(1212)
calls=1 0 
0 74
0 10

fn=(1226)
0 8
cob=(3)
cfi=(153)
cfn=(1228) 0x000000000010a560
calls=1 0 
0 182
0 2
cfn=(1236) dedup_set_destroy
calls=1 0 
0 3106844
0 2
cob=(3)
cfi=(153)
cfn=(1212)
calls=1 0 
0 108
0 5
cob=(3)
cfi=(153)
cfn=(1212)
calls=1 0 
0 108

fn=(1236)
0 193022
cob=(3)
cfi=(153)
cfn=(1212)
calls=29156 0 
0 3148548
0 145784
cob=(3)
cfi=(153)
cfn=(1212)
calls=2 0 
0 141
0 10
cob=(3)
cfi=(153)
cfn=(1212)
calls=2 0 
0 216
0 35413

fn=(1248) bloom_filter_init
0 29
cob=(3)
cfi=(153)
cfn=(1130)
calls=1 0 
0 2106525
0 5

fn=(944) main
0 23
cob=(3)
cfi=(153)
cfn=(946) 0x000000000010a4e0
calls=1 0 
0 33
0 5
cob=(3)
cfi=(153)
cfn=(946)
calls=1 0 
0 33
0 14
cob=(3)
cfi=(153)
cfn=(946)
calls=1 0 
0 33
0 5
cob=(3)
cfi=(153)
cfn=(946)
calls=1 0 
0 33
0 17
cob=(3)
cfi=(153)
cfn=(946)
calls=1 0 
0 33
0 12
cob=(3)
cfi=(153)
cfn=(950)
calls=1 0 
0 192
0 162
cob=(3)
cfi=(153)
cfn=(952) 0x000000000010a460
calls=1 0 
0 473
0 4
cob=(3)
cfi=(153)
cfn=(1212)
calls=1 0 
0 115
0 41
cfn=(960) omega_list_matcher_create
calls=1 0 
0 80874640
0 11
cfn=(1088) omega_matcher_map_filename
calls=1 0 
0 208
0 20
cfn=(1286) omega_list_matcher_add_stats
calls=1 0 
0 8
0 22
cfn=(1288)
calls=1 0 
0 130722469
0 9
cob=(3)
cfi=(153)
cfn=(1130)
calls=1 0 
0 262407
0 2259399
cob=(3)
cfi=(153)
cfn=(1732) 0x000000000010a370
calls=125522 0 
0 109311744
0 1004200
cob=(3)
cfi=(153)
cfn=(1740) 0x000000000010a3f0
calls=6 0 
0 354
0 376592
cob=(3)
cfi=(153)
cfn=(1740)
calls=1 0 
0 59
0 4
cob=(3)
cfi=(153)
cfn=(1212)
calls=1 0 
0 177
0 2
cfn=(1748) omega_match_results_destroy
calls=1 0 
0 205
0 2
cfn=(1750) omega_list_matcher_destroy
calls=1 0 
0 373
0 3
cfn=(1274) omega_matcher_unmap_file
calls=1 0 
0 18
0 1

fn=(960)
0 19
cfn=(962)
calls=1 0 
0 1751
0 525
cob=(3)
cfi=(153)
cfn=(1060) 0x000000000010a570
calls=1 0 
0 335
0 4
cob=(3)
cfi=(153)
cfn=(1076) 0x000000000010a490
calls=1 0 
0 10
0 7
cfn=(1080) omega_list_matcher_compile_patterns_filename
calls=1 0 
0 79217523
0 4
cob=(3)
cfi=(153)
cfn=(1156) 0x000000000010a650
calls=1 0 
0 105
0 6
cob=(3)
cfi=(153)
cfn=(1130)
calls=1 0 
0 1652987
0 10
cfn=(1088)
calls=1 0 
0 193
0 51
cfn=(1278) omega_matcher_set_num_threads
calls=1 0 
0 26
0 3
cfn=(1284) omega_matcher_set_chunk_size
calls=1 0 
0 7
0 1074

fn=(1110)
0 17
cob=(3)
cfi=(153)
cfn=(964)
calls=1 0 
0 484
0 14
cob=(3)
cfi=(153)
cfn=(1112) 0x000000000010a630
calls=1 0 
0 561
0 5
cob=(3)
cfi=(153)
cfn=(1130)
calls=1 0 
0 8596
0 6
cfn=(1132)
calls=1 0 
0 1224
0 9
cob=(3)
cfi=(153)
cfn=(1156)
calls=1 0 
0 250
0 7
cfn=(1168) hash_table_init
calls=1 0 
0 341
0 3
cob=(3)
cfi=(153)
cfn=(1130)
calls=1 0 
0 251
0 4
cob=(3)
cfi=(153)
cfn=(1130)
calls=1 0 
0 251
0 2
cfn=(1150) dedup_set_create
calls=1 0 
0 559
0 23

fn=(1172)
0 537736
cfn=(1178)
calls=3232 0 
0 1052757
0 129028
cfn=(1174) store_pattern
calls=25924 0 
0 34687084
0 207392
cfn=(1182) hash_table_insert
calls=25924 0 
0 22561137
0 229235
cob=(3)
cfi=(153)
cfn=(1184) 0x000000000010a590
calls=6 0 
0 11988
0 52
cob=(3)
cfi=(153)
cfn=(1184)
calls=4 0 
0 2409
0 24

fn=(1176) store_pattern_append
0 388860
cfn=(1178)
calls=25924 0 
0 25931343
0 103696
cob=(3)
cfi=(153)
cfn=(1136) 0x000000000010a510
calls=25924 0 
0 3655284
0 233316
cob=(3)
cfi=(153)
cfn=(1112)
calls=25924 0 
0 3622779
0 699958

fn=(1264) bloom_filter_write
0 10
cob=(3)
cfi=(153)
cfn=(1112)
calls=1 0 
0 254
0 5
cob=(3)
cfi=(153)
cfn=(1112)
calls=1 0 
0 140
0 9
cob=(3)
cfi=(153)
cfn=(1112)
calls=1 0 
0 871

fn=(1274)
0 21
cob=(3)
cfi=(153)
cfn=(1276) 0x000000000010a5a0
calls=3 0 
0 24
0 9

fn=(1284)
0 7

fn=(1082) oa_matcher_access
0 5
cob=(3)
cfi=(153)
cfn=(1084) 0x000000000010a5e0
calls=1 0 
0 8

fn=(1088)
0 45
cob=(3)
cfi=(153)
cfn=(1090) 0x000000000010a5d0
calls=3 0 
0 114
0 21
cob=(3)
cfi=(153)
cfn=(1092) 0x000000000010a670
calls=3 0 
0 24
0 48
cob=(3)
cfi=(153)
cfn=(1094) 0x000000000010a3e0
calls=3 0 
0 129
0 36
cob=(3)
cfi=(153)
cfn=(1100) 0x000000000010a450
calls=3 0 
0 84
0 21
cob=(3)
cfi=(153)
cfn=(1076)
calls=3 0 
0 30
0 35
cob=(3)
cfi=(153)
cfn=(1104) 0x000000000010a610
calls=2 0 
0 20
0 2

fn=(1182)
0 14964288
cob=(3)
cfi=(153)
cfn=(1130)
calls=5289 0 
0 1170040
0 3367459
cob=(3)
cfi=(153)
cfn=(1184)
calls=1624 0 
0 686164
0 25984
cob=(3)
cfi=(153)
cfn=(1192) 0x000000000010a620
calls=1624 0 
0 39388
0 6499
cfn=(1218)
calls=1 0 
0 908327
0 45504
cob=(3)
cfi=(153)
cfn=(1130)
calls=5572 0 
0 1230472
0 117012

fn=(1220)
0 5

fn=(1222)
0 17
cfn=(1224)
calls=1 0 
0 3107263
0 10
cob=(3)
cfi=(153)
cfn=(1238) 0x000000000010a580
calls=1 0 
0 259
0 2
cob=(3)
cfi=(153)
cfn=(1136)
calls=1 0 
0 117
0 7
cfn=(1248)
calls=1 0 
0 2106559
0 125742
cfn=(1262) bloom_filter_size
calls=1 0 
0 4
0 34
cfn=(1264)
calls=1 0 
0 1289
0 2
cfn=(1268) bloom_filter_destroy
calls=1 0 
0 175
0 5
cob=(3)
cfi=(153)
cfn=(1112)
calls=1 0 
0 138
0 2
cob=(3)
cfi=(153)
cfn=(1136)
calls=1 0 
0 120
0 5
cob=(3)
cfi=(153)
cfn=(1130)
calls=1 0 
0 16617
0 8
cob=(3)
cfi=(153)
cfn=(1112)
calls=1 0 
0 871
0 2
cob=(3)
cfi=(153)
cfn=(1136)
calls=1 0 
0 120
0 5
cob=(3)
cfi=(153)
cfn=(950)
calls=1 0 
0 184
0 8
cob=(3)
cfi=(153)
cfn=(1192)
calls=1 0 
0 65562
0 5
cob=(3)
cfi=(153)
cfn=(1112)
calls=1 0 
0 871
0 2
cob=(3)
cfi=(153)
cfn=(1136)
calls=1 0 
0 120
0 21728
cob=(3)
cfi=(153)
cfn=(1136)
calls=10861 0 
0 1303320
0 162915
cob=(3)
cfi=(153)
cfn=(1112)
calls=10861 0 
0 1520540
0 76027
cob=(3)
cfi=(153)
cfn=(1112)
calls=10861 0 
0 1523600
0 65166
cob=(3)
cfi=(153)
cfn=(1112)
calls=10861 0 
0 1525984
0 141935
cob=(3)
cfi=(153)
cfn=(1136)
calls=1 0 
0 120
0 6
cob=(3)
cfi=(153)
cfn=(1238)
calls=1 0 
0 389
0 5
cob=(3)
cfi=(153)
cfn=(1112)
calls=1 0 
0 272
0 2
cob=(3)
cfi=(153)
cfn=(1212)
calls=1 0 
0 166
0 4
cob=(3)
cfi=(153)
cfn=(1238)
calls=1 0 
0 242
0 5
cob=(3)
cfi=(153)
cfn=(1112)
calls=1 0 
0 272
0 2
cob=(3)
cfi=(153)
cfn=(1212)
calls=1 0 
0 166
0 17
cob=(3)
cfi=(153)
cfn=(1238)
calls=1 0 
0 389
0 5
cob=(3)
cfi=(153)
cfn=(1112)
calls=1 0 
0 261
0 2
cob=(3)
cfi=(153)
cfn=(1228)
calls=1 0 
0 184
0 2
cob=(3)
cfi=(153)
cfn=(1032)
calls=1 0 
0 602
0 2
cob=(3)
cfi=(153)
cfn=(1212)
calls=1 0 
0 106
0 2
cfn=(1272)
calls=1 0 
0 1516538
0 5
cfn=(1236)
calls=1 0 
0 416290
0 2
cob=(3)
cfi=(153)
cfn=(1212)
calls=1 0 
0 170
0 2
cob=(3)
cfi=(153)
cfn=(1212)
calls=1 0 
0 170
0 2
cob=(3)
cfi=(153)
cfn=(1212)
calls=1 0 
0 227
0 18
cob=(3)
cfi=(153)
cfn=(1252) 0x000000000010a3c0
calls=1 0 
0 105573
0 5
cob=(3)
cfi=(153)
cfn=(1252)
calls=1 0 
0 502487
0 4
cob=(3)
cfi=(153)
cfn=(1238)
calls=1 0 
0 272
0 2
cob=(3)
cfi=(153)
cfn=(1136)
calls=1 0 
0 117
0 6
cob=(3)
cfi=(153)
cfn=(1112)
calls=1 0 
0 254
0 5
cob=(3)
cfi=(153)
cfn=(1112)
calls=1 0 
0 137
0 5
cob=(3)
cfi=(153)
cfn=(1112)
calls=1 0 
0 853
0 5
cob=(3)
cfi=(153)
cfn=(1112)
calls=1 0 
0 140
0 5
cob=(3)
cfi=(153)
cfn=(1112)
calls=1 0 
0 140
0 5
cob=(3)
cfi=(153)
cfn=(1112)
calls=1 0 
0 140
0 5
cob=(3)
cfi=(153)
cfn=(1112)
calls=1 0 
0 140
0 5
cob=(3)
cfi=(153)
cfn=(1112)
calls=1 0 
0 382
0 5
cob=(3)
cfi=(153)
cfn=(1112)
calls=1 0 
0 690
0 2
cob=(3)
cfi=(153)
cfn=(1136)
calls=1 0 
0 120
0 32586
cfn=(1250) bloom_filter_add
calls=10861 0 
0 423579
0 119471
cob=(3)
cfi=(153)
cfn=(1252)
calls=10861 0 
0 3577573
0 32584

fn=(1270) compare_uint32
0 151515

fn=(1598) probe_bucket
0 13393170

fn=(1726) finalize_match_results
0 151
cob=(3)
cfi=(153)
cfn=(950)
calls=1 0 
0 47
0 5
cob=(3)
cfi=(153)
cfn=(950)
calls=1 0 
0 354
0 26
cob=(3)
cfi=(153)
cfn=(1184)
calls=1 0 
0 197164
0 2134165
cob=(3)
cfi=(153)
cfn=(1212)
calls=22 0 
0 4272
0 44
cob=(3)
cfi=(153)
cfn=(1212)
calls=22 0 
0 2614
0 46
cob=(3)
cfi=(153)
cfn=(1212)
calls=1 0 
0 87
0 2
cfn=(1730) radix_sort_matches
calls=1 0 
0 34164266
0 8
cob=(3)
cfi=(153)
cfn=(950)
calls=1 0 
0 47
0 7
cob=(3)
cfi=(153)
cfn=(1212)
calls=1 0 
0 87
0 9

fn=(1730)
0 18
cob=(3)
cfi=(153)
cfn=(950)
calls=1 0 
0 321
0 34163853
cob=(3)
cfi=(153)
cfn=(1212)
calls=1 0 
0 74

fn=(1766) 0x0000000000003900
0 9
cob=(3)
cfi=(153)
cfn=(1772) 0x000000000010a350
calls=1 0 
0 80
0 1
cfn=(1782) 0x0000000000003890
calls=1 0 
0 5
0 3

fn=(1080)
0 23
cfn=(1082)
calls=1 0 
0 13
0 7
cfn=(1088)
calls=1 0 
0 208
0 12
cfn=(1108)
calls=1 0 
0 79217222
0 4
cfn=(1274)
calls=1 0 
0 18
0 16

fn=(1134)
0 11
cob=(3)
cfi=(153)
cfn=(1130)
calls=1 0 
0 219
0 6
cob=(3)
cfi=(153)
cfn=(1136)
calls=1 0 
0 141
0 2
cfn=(1150)
calls=1 0 
0 597
0 6
cob=(3)
cfi=(153)
cfn=(1130)
calls=1 0 
0 222
0 18

fn=(1286)
0 8

fn=(1544) core_match._omp_fn.0
0 1166
cob=(3)
cfi=(153)
cfn=(1546) 0x000000000010a420
calls=22 0 
0 132
0 66
cob=(3)
cfi=(153)
cfn=(950)
calls=22 0 
0 32400
0 132
cob=(3)
cfi=(153)
cfn=(950)
calls=22 0 
0 7102
0 308
cob=(3)
cfi=(153)
cfn=(1564) 0x000000000010a480
calls=22 0 
0 3598
0 360228196
cfn=(1596) bloom_filter_query
calls=4606954 0 
0 282177170
0 9683244
cfn=(1598)
calls=58667 0 
0 13393170
0 46198649
cob=(3)
cfi=(153)
cfn=(1604) 0x000000000010a5c0
calls=1125 0 
0 82942
0 2294
cob=(3)
cfi=(153)
cfn=(1610) 0x000000000010a3b0
calls=22 0 
0 1997291
0 22
cob=(3)
cfi=(153)
cfn=(1674) 0x000000000010a5b0
calls=22 0 
0 176
0 242
cob=(3)
cfi=(153)
cfn=(1678) 0x000000000010a4f0
calls=22 0 
0 176
0 1304534143
cob=(3)
cfi=(153)
cfn=(1600) 0x000000000010a4c0
calls=52376 0 
0 1213757
0 12927483

fn=(914) (below main)
0 12
cob=(2) /usr/lib/x86_64-linux-gnu/libc.so.6
cfi=(195) ./csu/../csu/libc-start.c
cfn=(916) __libc_start_main@@GLIBC_2.34
calls=1 242 
0 324816994

fn=(1168)
0 11
cob=(3)
cfi=(153)
cfn=(1130)
calls=1 0 
0 322
0 8

fn=(1250)
0 423579

fn=(1262)
0 4

fn=(1290)
0 29
cob=(3)
cfi=(153)
cfn=(1292) 0x000000000010a430
calls=1 0 
0 1397
0 6
cob=(3)
cfi=(153)
cfn=(1312) 0x000000000010a400
calls=1 0 
0 31
0 1
cob=(3)
cfi=(153)
cfn=(1280) 0x000000000010a470
calls=1 0 
0 11
0 4
cob=(3)
cfi=(153)
cfn=(1130)
calls=1 0 
0 366
0 55
cob=(3)
cfi=(153)
cfn=(1316) 0x000000000010a660
calls=1 0 
0 94217085
0 10
cfn=(1726)
calls=1 0 
0 36503401
0 26

fn=(1596)
0 282177170

fn=(1750)
0 10
cfn=(1274)
calls=1 0 
0 18
0 4
cob=(3)
cfi=(153)
cfn=(1752) 0x000000000010a3a0
calls=1 0 
0 8
0 2
cob=(3)
cfi=(153)
cfn=(1212)
calls=1 0 
0 115
0 5
cob=(3)
cfi=(153)
cfn=(1212)
calls=1 0 
0 208
0 3

fn=(1268)
0 5
cob=(3)
cfi=(153)
cfn=(1212)
calls=1 0 
0 166
0 4

fn=(1278)
0 7
cob=(3)
cfi=(153)
cfn=(1280)
calls=1 0 
0 11
0 8

fn=(1782)
0 5

fn=(1150)
0 10
cob=(3)
cfi=(153)
cfn=(1130)
calls=2 0 
0 438
0 14
cob=(3)
cfi=(153)
cfn=(1130)
calls=2 0 
0 682
0 12

fn=(1174)
0 51848
cfn=(1176)
calls=25924 0 
0 34635236

fn=(1748)
0 5
cob=(3)
cfi=(153)
cfn=(1212)
calls=1 0 
0 74
0 3
cob=(3)
cfi=(153)
cfn=(1212)
calls=1 0 
0 123

ob=(1) /usr/lib/x86_64-linux-gnu/ld-linux-x86-64.so.2
fl=(27) ./elf/./elf/dl-minimal-malloc.c
fn=(142) __minimal_free
97 1
+2 4

fn=(78) __minimal_malloc
36 232
+1 87
+11 84
+3 28
-3 28
+3 56
-3 2
+3 1
-3 1
+3 110
+19 29
+1 29
+2 174
-17 8
+1 4
+2 2
+1 14
cfi=(57) ./misc/../sysdeps/unix/sysv/linux/mmap64.c
cfn=(182) mmap
calls=2 -13 
* 52
* 2
+2 4
+2 8
cfi=(58) ./misc/../sysdeps/unix/sysv/linux/setvmaname.c
cfn=(184) __set_vma_name
calls=2 -31 
* 56
+1 6
+2 2
+4 2
-4 4
-24 1
-1 1
+1 1
+1 2
-2 2

fn=(74) __minimal_calloc
80 10
+4 10
-4 40
+7 10
+1 30
fi=(28) ./elf/../include/rtld-malloc.h
-32 10
cfi=(27)
cfn=(78)
calls=10 -20 
* 407
fe=(27)

fl=(30) ./elf/./elf/dl-load.c
fn=(136) expand_dynamic_string_token
385 18
241 4
385 2
241 2
cfi=(41) ./string/../sysdeps/x86_64/multiarch/../multiarch/strchr-sse2.S
cfn=(118) index
calls=2 32 
* 72
+3 4
410 2
-11 2
+11 12
-11 2
cfi=(44) ./string/./string/strdup.c
cfn=(138) strdup
calls=2 40 
* 180

fn=(208) open_path
1812 16
+1 2
-1 6
+1 2
+6 4
+5 34
+67 4
-74 2
+7 6
+57 2
-65 2
+65 2
+10 4
-64 4
+8 12
+7 4
-11 2
+12 2
-1 8
cfi=(29) ./string/../sysdeps/x86_64/multiarch/memmove-vec-unaligned-erms.S
cfn=(126) mempcpy
calls=2 197 
* 26
+1 20
+50 2
-2 4
-48 22
+3 12
+5 28
cfi=(29)
cfn=(126)
calls=4 197 
* 52
* 16
cfi=(29)
cfn=(126)
calls=4 197 
* 52
+3 8
+6 12
+3 28
cfn=(170) open_verify.constprop.0
calls=4 1572 
* 224
* 4
+2 12
+2 6
+93 18
-88 6
+1 21
+6 3
+2 6
-2 6
+2 3
cfi=(65) ./io/../sysdeps/unix/sysv/linux/stat64.c
cfn=(210) stat
calls=3 28 
* 46
* 3
+3 3
-3 6
+1 2
+9 8
+2 1
-2 2
+2 4
+44 16
+6 4
-2 2
+2 4
+3 6
1822 4
+2 4

fn=(132) fillin_rpath.isra.0
468 9
+4 1
-4 8
+6 3
cfi=(7) ./elf/./elf/dl-minimal.c
cfn=(134) strsep
calls=1 239 
* 240
* 3
cfi=(7)
cfn=(134)
calls=1 239 
* 8
* 6
+7 2
+2 3
cfn=(136)
calls=1 -98 
* 125
* 1
+4 2
+5 2
cfi=(22) ./string/../sysdeps/x86_64/multiarch/../multiarch/strlen-sse2.S
cfn=(62) strlen
calls=1 57 
* 17
* 1
+1 2
+7 5
+9 15
+1 8
fi=(28)
50 2
cfi=(27)
cfn=(142)
calls=1 +47 
* 5
+1 1
fe=(30)
528 4
+4 4
fi=(28)
56 1
cfi=(27)
cfn=(78)
calls=1 -20 
* 30
* 1
fe=(30)
534 2
+5 1
+1 2
-1 1
-1 1
+2 1
cfi=(29)
cfn=(126)
calls=1 197 
* 13
+3 1
-3 1
+1 1
+2 1
+6 1
+1 1
-1 3
+1 5
+1 1
-1 1
+1 1
-1 3
+1 1
-1 2
+1 1
+2 2
+1 3
+1 1
+6 2
+1 1
+3 3
-60 2
-22 2
+88 1
+3 8
-24 2

fn=(88) _dl_process_pt_gnu_property
868 4
+8 4
-8 8
+8 4
-6 4
+12 8
-13 4
+13 4
-13 4
+13 8
+3 12
+1 8
+1 8
+3 12
+1 12
+4 4
+1 8
+22 4
+2 4
-2 8
+2 12
-20 12
+1 6
+3 12
+3 6
+1 24
fi=(31) ./elf/../sysdeps/x86/dl-prop.h
95 24
+7 12
+16 6
-3 12
254 8
+1 4
+2 16
+3 4
-8 4
+5 2
-4 2
+4 6
+3 2
-2 2
fe=(30)

fn=(166) _dl_map_object
1967 60
+8 10
+1 20
+3 97
+5 112
+2 48
cfi=(52) ./elf/./elf/dl-misc.c
cfn=(168) _dl_name_match_p
calls=16 68 
* 1589
* 32
+4 28
+1 42
+4 6
-1 30
+1 6
+1 6
-1 6
+1 12
cfi=(32) ./string/../sysdeps/x86_64/multiarch/../multiarch/strcmp-sse2.S
cfn=(94) strcmp
calls=6 98 
* 150
* 12
2270 48
2011 9
-1 6
+9 3
-50 3
+50 6
+17 6
-2 3
+2 3
cfi=(41)
cfn=(118)
calls=3 32 
* 72
* 6
2202 2
-1 3
cfn=(136)
calls=1 385 
* 175
+6 1
-7 1
+1 1
+2 2
+4 7
cfn=(170)
calls=1 1572 
* 106
+3 2
-3 1
+3 1
+12 4
+45 1
+1 5
-1 1
+1 8
cfn=(176) _dl_map_object_from_fd
calls=1 944 
* 1940
-1 2
+1 10
-1 2
+1 16
cfn=(176)
calls=2 944 
* 4454
* 9
2040 4
cfi=(22)
cfn=(62)
calls=2 57 
* 34
* 4
+2 4
+7 8
+51 26
cfn=(208)
calls=2 1812 
* 824
+6 2
-6 2
+6 4
2222 8
+46 4
682 2
2107 2
682 4
2135 4
cfi=(67) ./elf/./elf/dl-cache.c
cfn=(214) _dl_load_cache_lookup
calls=2 403 
* 2456
* 2
+2 4
+4 4
+31 2
-23 4
+23 14
cfn=(170)
calls=2 1572 
* 243
+4 4
-4 2
+4 2
+1 2
+17 4
2074 10
682 2
2075 2
682 6
2099 4
+1 4
-47 2
+1 2
696 10
2058 6
682 2
2059 2
682 4
2073 10
+1 4
+41 2
+14 4
+2 6
-47 4

fn=(170)
1572 70
+32 7
-32 14
+32 14
+19 28
cfi=(53) ./io/../sysdeps/unix/sysv/linux/open64_nocancel.c
cfn=(172) __open_nocancel
calls=7 28 
* 152
* 7
+2 14
+8 3
+1 6
+5 3
-5 3
+5 15
cfi=(54) ./io/../sysdeps/unix/sysv/linux/read_nocancel.c
cfn=(174) __read_nocancel
calls=3 25 
* 18
+2 6
+2 6
+2 6
+6 6
+17 39
+81 6
+5 6
+6 12
+6 6
+6 3
+1 3
-1 9
+1 9
+26 63
-22 13
+1 2
-1 1
+1 1
cfi=(70) ./io/../sysdeps/unix/sysv/linux/pread64_nocancel.c
cfn=(226) __pread64_nocancel
calls=1 25 
* 7
* 2
1668 3
-59 8
1777 2

fn=(176)
944 30
+15 3
-15 6
+15 3
-15 6
+15 6
+77 12
+10 6
+7 21
cfi=(26) ./elf/./elf/dl-object.c
cfn=(72) _dl_new_object
calls=3 59 
* 1204
* 3
+1 6
+11 3
+5 3
-4 3
-1 3
+2 3
+2 3
-2 3
+2 6
+1 9
+1 4
+19 4
-2 2
+2 22
-2 1
+2 37
+10 3
-10 3
+10 9
+27 3
-33 3
-3 3
+2 3
-1 3
+35 3
+9 3
-50 3
+41 3
+9 3
-36 3
+63 15
-62 124
+26 84
+8 24
+1 12
-1 12
+1 48
+1 12
-1 12
+1 12
+2 12
-2 12
+2 12
+2 12
-4 12
+1 12
+3 12
-4 12
+4 60
+2 24
+13 24
+1 45
+5 9
+1 81
-28 18
-35 27
+62 3
+1 27
-28 6
-35 75
+1 188
1213 3
1100 3
1213 6
1100 9
1218 21
+10 9
+1 3
-1 3
+1 3
-1 9
+1 9
-1 9
+1 9
-1 27
1066 6
1235 6
+10 12
+7 12
fi=(59) ./elf/./dl-map-segments.h
28 3
fe=(30)
1252 9
fi=(59)
28 6
+1 24
cfi=(57)
cfn=(182)
calls=3 +18 
* 84
+73 6
-1 3
-72 3
+73 3
+3 6
+1 3
+2 3
-3 3
+1 3
+2 3
+17 3
-44 3
fi=(60) ./elf/./dl-load.h
+10 24
fi=(59)
+58 48
+6 3
+2 3
-2 3
+1 3
+2 6
-1 6
+3 6
+5 6
+3 9
+8 18
cfi=(43) ./string/../sysdeps/x86_64/multiarch/../multiarch/memset-vec-unaligned-erms.S
cfn=(130) memset
calls=3 -44 
* 399
* 3
+6 6
+12 12
-59 72
+2 36
+2 72
cfi=(57)
cfn=(182)
calls=9 -92 
* 189
* 18
fe=(30)
1264 3
fi=(56) ./elf/../sysdeps/posix/dl-fileid.h
37 6
cfi=(55) ./io/../sysdeps/unix/sysv/linux/fstat64.c
cfn=(178) fstat
calls=3 -7 
* 18
* 6
fe=(30)
989 6
fi=(56)
40 9
fe=(30)
989 3
fi=(56)
40 3
fe=(30)
989 39
+1 18
fi=(56)
49 24
fe=(30)
1519 27
1074 13
+1 2
-1 1
+1 1
-1 1
+1 1
cfi=(70)
cfn=(226)
calls=1 25 
* 7
* 2
+46 2
+1 1
-15 6
+7 3
+2 3
-2 3
+1 3
+1 3
-1 6
+1 24
+60 6
+5 2
-1 4
+5 2
-5 4
-66 2
+71 8
+1 2
+3 2
-3 2
+8 8
+15 6
+1 3
1008 6
1268 12
+1 9
fi=(61) ./elf/./elf/get-dynamic-info.h
39 6
+6 3
-2 3
+11 3
+1 3
-10 6
+8 3
+15 3
-23 12
+23 71
-23 284
+4 148
+3 20
-1 40
+3 68
+1 56
+1 15
+16 12
+12 10
+1 12
+1 12
+1 12
+1 10
+1 11
+1 11
+1 12
+12 3
+7 3
-7 21
+7 7
+5 4
+7 4
+1 9
+6 9
+1 3
+17 9
+5 4
+2 4
+2 4
+2 4
+4 9
+2 6
+1 4
+9 4
+6 4
+4 6
fe=(30)
1275 6
+1 6
+2 6
+10 9
+19 9
+2 18
+52 9
+1 4
+6 27
+1 62
+6 12
cfn=(88)
calls=3 868 
* 218
-7 77
+1 37
+6 37
-6 74
fi=(31)
149 12
fe=(30)
1380 6
cfi=(62) ./io/../sysdeps/unix/sysv/linux/close_nocancel.c
cfn=(194) __GI___close_nocancel
calls=3 25 
* 18
* 6
+13 6
+2 12
+2 6
+16 6
cfi=(8) ./elf/./elf/dl-setup_hash.c
cfn=(14) _dl_setup_hash
calls=3 25 
* 81
+4 6
+1 6
+17 6
+1 1
+3 1
+5 1
-5 1
+5 1
-5 2
+5 2
-5 2
+5 2
+5 6
+12 24
+10 6
+1 8
+5 4
cfi=(46) ./elf/../elf/dl-tls.c
cfn=(224) _dl_assign_tls_modid
calls=2 125 
* 24
+7 9
cfi=(26)
cfn=(84) _dl_add_to_namespace_list
calls=3 31 
* 165
+3 6
+4 6
cfi=(45) ./elf/./elf/dl-debug.c
cfn=(196) _dl_debug_update
calls=3 38 
* 21
* 3
+1 9
+22 21
+1 9
cfi=(48) ./elf/./elf/dl-audit.c
cfn=(198) _dl_audit_objopen
calls=3 77 
* 15
* 3
fi=(60)
92 8
+2 2
-1 2
+1 2
-1 2
+1 2
-1 2
+1 2
-1 4
+3 8
fi=(61)
-37 12
+3 12
+2 12
181 3
-22 2
fe=(30)
1510 6
1074 2
fi=(59)
186 8
cfi=(57)
cfn=(182)
calls=1 47 
* 21
+3 2
fe=(30)
1462 9
+2 2
-1 10
+1 2
-1 2
+1 2
-1 2
cfi=(32)
cfn=(94)
calls=2 98 
* 50
* 4
+2 5
1275 2

fn=(106) _dl_init_paths
706 11
+14 1
-14 2
+14 2
cfi=(37) ./elf/./elf/dl-hwcaps.c
cfn=(108) _dl_important_hwcaps
calls=1 172 
* 1244
fi=(28)
56 1
fe=(30)
720 1
fi=(28)
56 1
cfi=(27)
cfn=(78)
calls=1 -20 
* 30
fe=(30)
725 1
+2 3
+8 2
-1 3
+5 3
fi=(28)
56 1
cfi=(27)
cfn=(78)
calls=1 -20 
* 30
fe=(30)
739 1
+2 4
+7 1
+8 1
+2 1
+12 2
-23 1
+9 1
+11 1
-4 1
-5 1
+3 2
+7 2
+2 2
-11 1
+11 3
-8 1
+4 1
+1 3
+1 16
cfi=(43)
cfn=(130)
calls=4 132 
* 56
+2 15
-14 3
+10 3
+4 9
-12 3
-2 3
+2 3
+4 3
-3 3
+3 3
+1 3
-2 3
+5 9
+1 6
+3 1
+15 1
-8 1
+5 1
-6 1
+9 2
+2 4
+2 3
+36 5
+2 2
cfi=(22)
cfn=(62)
calls=1 57 
* 17
* 9
-19 1
-2 1
+2 2
+19 9
cfi=(29)
cfn=(82) memcpy
calls=1 210 
* 11
* 1
+5 4
-1 2
+2 1
+1 2
-2 4
+1 13
+1 26
-2 52
+5 1
fi=(28)
56 1
cfi=(27)
cfn=(78)
calls=1 -20 
* 30
fe=(30)
836 1
fi=(28)
56 1
fe=(30)
838 2
+6 6
cfn=(132)
calls=1 468 
* 581
+3 3
+6 1
+4 8
-35 2
+5 2

fn=(204) _dl_dst_count
238 8
+3 4
-3 20
+7 4
-7 8
+3 4
cfi=(41)
cfn=(118)
calls=4 32 
* 120
+3 8
+20 36

fl=(29)
fn=(126)
197 60
+1 60
+1 60
+1 60
+17 60
+1 60
+2 27
+1 27
+1 27
+2 25
+1 25
+1 25
+2 25
+80 33
+1 33
+2 24
+4 24
+1 24
+1 24
+8 24
+39 9
+1 9
+1 9
+1 9
+1 9
+7 2
+1 2
+1 2
+1 2
+1 2
+1 2
+1 2
+11 2
+1 2
+2 2
+1 2
+1 2

fn=(82)
210 25
+1 25
+6 25
+1 25
+2 14
+1 14
+1 14
+2 6
+1 6
+1 6
+2 6
+80 11
+1 11
+2 2
+4 2
+1 1
+1 1
+1 1
+1 1
+4 1
+2 1
+6 1
+1 1
+1 1
+1 1
+1 1
+29 9
+1 9
+1 9
+1 9
+1 9
+7 8
+1 8
+1 8
+1 8
+1 8
+1 8
+1 8
+11 8
+1 8
+2 8
+1 8
+1 8

fl=(142) ./elf/./dl-find_object.h
fn=(444) _dl_find_object_from_map
95 10
+1 10
+1 5
+6 25
+1 148
+1 102
+2 15
+5 5

fl=(146) ./elf/./elf/dl-lookup-direct.c
fn=(460) _dl_lookup_direct
74 30
+2 3
-2 6
+4 3
-4 3
+2 3
+2 9
+37 3
-37 9
+1 6
+2 12
+3 25
+2 6
-54 3
+54 3
-54 3
+54 3
-54 9
+1 9
+2 6
+1 6
+12 9
+3 3
+2 6
-2 3
+2 9
cfi=(32)
cfn=(94)
calls=3 +45 
* 209
* 6
+4 6
+1 3
-1 3
+1 18
+1 9
cfi=(32)
cfn=(94)
calls=3 +39 
* 198
* 6
+57 27
-23 6

fl=(53)
fn=(172)
28 16
+3 8
-3 16
+3 48
+8 56
+2 8
-2 12
+2 8

fl=(51) ./setjmp/../sysdeps/x86_64/setjmp.S
fn=(162) __sigsetjmp
31 5
+2 5
+9 5
+1 10
+1 5
+4 5
+1 5
+1 5
+1 5
+1 5
+2 10
+2 5
+1 5
+1 5
+2 10
+2 5
+8 5
+3 5
+1 5
+7 5
+1 5

fl=(70)
fn=(226)
25 4
+1 8
+1 2

fl=(42) ./string/../sysdeps/x86_64/multiarch/../multiarch/memcmp-sse2.S
fn=(122) bcmp
59 1
+12 1
+1 1
+22 1
+1 1
+45 1
+1 1
+2 1
+1 1
+2 1
+1 1
+2 1
+1 1
+47 1
+1 1
+1 1
+1 1
+1 1
+1 1

fl=(9) ./elf/../sysdeps/unix/sysv/linux/dl-sysdep.c
fn=(16) _dl_sysdep_start
102 5
+4 1
-4 1
+1 1
+3 1
cfn=(18) _dl_sysdep_parse_arguments
calls=1 -28 
* 378
+4 2
cfi=(11) ./elf/./elf/dl-tunables.c
cfn=(22) __GI___tunables_init
calls=1 261 
* 16700
+3 1
cfi=(13) ./elf/./elf/dl-sort-maps.c
cfn=(26) _dl_sort_maps_init
calls=1 289 
* 38
+2 2
cfi=(14) ./elf/../sysdeps/unix/sysv/linux/brk.c
cfn=(30) brk
calls=1 -79 
* 8
fi=(6) ./elf/../sysdeps/x86_64/dl-machine.h
220 1
cfi=(15) ./elf/../sysdeps/x86/dl-get-cpu-features.c
cfn=(34) _dl_x86_init_cpu_features
calls=1 37 
* 7349
fe=(9)
-98 3
+1 1
cfi=(22)
cfn=(62)
calls=1 -66 
* 17
* 1
+2 2
cfi=(23) ./elf/../misc/sbrk.c
cfn=(64) sbrk
calls=1 -88 
* 16
* 3
+12 3
+3 5
cfi=(2) ./elf/./elf/rtld.c
cfn=(66) dl_main
calls=1 1346 
* 165510
+3 4

fn=(480) _dl_sysdep_start_cleanup
147 1
+1 1

fn=(18)
78 1
+2 1
-2 6
+1 1
+1 1
-1 1
+2 2
+2 1
-2 1
+2 2
-1 1
+1 2
-1 27
+1 54
+7 56
fi=(10) ./elf/../sysdeps/unix/sysv/linux/dl-parse_auxv.h
-49 1
fe=(9)
+45 1
fi=(10)
-54 1
fe=(9)
+54 1
fi=(10)
-54 1
+1 1
+1 1
+7 3
+1 44
+1 22
-2 22
+2 22
-2 67
fe=(9)
+52 3
+1 1
+1 2
fi=(10)
-49 1
+1 1
fe=(9)
+46 1
fi=(10)
-45 1
+3 1
+1 1
+1 1
+1 1
+2 1
-5 1
-4 1
+1 1
+4 1
+1 1
+3 1
-7 1
-4 1
+1 1
+8 1
fe=(9)
+40 1
-1 1
+2 1
+1 6

fl=(32)
fn=(244) strncmp
98 1
+27 1
+1 1
+1 1
+1 1
+1 1
+2 1
+1 1
+2 1
+1 1
+21 1
+1 1
+1 1
+1 1
+1 1
+1 1
+1 1
+1 1
+17 1
+1 1
+1 1
+1 1
+1 1
+1 1
+1 1
2104 1
+3 1
+1 1
+2 1
+1 1
+8 1
+1 1

fn=(94)
98 387
+33 387
+1 387
+2 387
+1 387
+21 387
+1 387
+1 323
+1 323
+1 294
+1 294
+1 294
+1 294
+17 294
+1 294
+1 294
+1 294
+1 294
+1 294
+1 294
+5 22
+1 66
+9 22
+1 22
+1 22
+1 22
+1 22
+1 22
+1 22
+1 22
-7 93
+1 93
+1 93
+1 93
+1 93
+1 93
+1 93
+1 93
+1 102
+1 47
+1 47
+1 47
+2 47
+1 47
+1 47
+1 47
+1 47
+1 47
-5 55
+1 55
+1 55
+1 55
+1 55
+1 55
+10 13
+1 13
+1 13
+2 13
+6 13
+1 13
+1 13
+1 13
+1 13
+5 13
+2 7
+1 7
+1 14
+8 7
+1 7
+3 7
+1 7
+1 7
+1 7
+1 7
+1 7
+31 6
+1 6
+1 6
+1 6
+1 6
+2 6
+1 6
+1 6
+1 6
+1 6
+1 6
+1 6
+1 6
+3 6
+1 6
+1 6
+6 6
+1 6
+1 12
+4 6
+1 6
+3 6
+1 6
+1 6
+2 6
+1 6
+1 6
+4 6
+1 6
+1 6
+1 6
+1 6
+1 6
661 1
+1 1
+1 1
+1 1
+1 1
+2 1
+1 1
+1 1
+1 1
+1 1
+1 1
+1 1
780 3
+1 3
+1 3
+1 3
+1 3
+2 3
+1 3
+1 3
+1 3
+1 3
+1 3
+1 3
+1 2
+4 2
+1 2
+1 2
+6 2
+1 2
+1 4
+4 2
+1 2
+3 2
+1 2
+1 2
+2 2
+1 2
+1 2
+4 2
+1 2
+1 2
+1 2
+1 2
+1 2
+7 1
+1 1
+2 1
+1 1
+2 1
+1 1
+1 1
+2 1
+1 1
+1 1
+4 1
+1 1
+1 1
+1 1
+1 1
+1 1
+41 6
+1 6
+1 6
+1 6
+1 6
+2 6
+1 6
+1 6
+1 6
+1 6
+1 6
+1 6
+1 5
+4 5
+1 5
+1 5
+6 5
+1 5
+1 10
+4 5
+1 5
+3 5
+1 5
+1 5
+2 5
+1 5
+1 5
+4 5
+1 5
+1 5
+1 5
+1 5
+1 5
+7 1
+1 1
+2 1
+1 1
+2 1
+1 1
+1 1
+2 1
+1 1
+1 1
+4 1
+1 1
+1 1
+1 1
+1 1
+1 1
+41 6
+1 6
+1 6
+1 6
+1 6
+2 6
+1 6
+1 6
+1 6
+1 6
+1 6
+1 6
+1 5
+4 5
+1 5
+1 5
+6 5
+1 5
+1 10
+4 5
+1 5
+3 5
+1 5
+1 5
+2 5
+1 5
+1 5
+4 5
+1 5
+1 5
+1 5
+1 5
+1 5
+69 8
+1 8
+1 8
+1 8
+1 8
+2 8
+1 8
+1 8
+1 8
+1 8
+1 8
+1 8
+1 1
+4 1
+1 1
+1 1
+6 1
+1 1
+1 2
+4 1
+1 1
+3 1
+1 1
+1 1
+2 1
+1 1
+1 1
+4 1
+1 1
+1 1
+1 1
+1 1
+1 1
+69 9
+1 9
+1 9
+1 9
+1 9
+2 9
+1 9
+1 9
+1 9
+1 9
+1 9
+1 9
+1 2
+4 2
+1 2
+1 2
+6 2
+1 2
+1 4
+4 2
+1 2
-1 1
+1 1
+3 3
+1 3
+1 3
+2 3
+1 3
+1 3
+4 3
+1 3
+1 3
+1 3
+1 3
+1 3
+7 1
+1 1
+2 1
+1 1
+2 1
+1 1
+1 1
+2 1
+1 1
+1 1
+4 1
+1 1
+1 1
+1 1
+1 1
+1 1
+7 1
+1 1
+1 1
+32 4
+1 4
+1 4
+1 4
+1 4
+2 4
+1 4
+1 4
+1 4
+1 4
+1 4
+1 4
+1 1
+4 1
+1 1
+1 1
+6 1
+1 1
+1 2
+4 1
+1 1
+3 1
+1 1
+1 1
+2 1
+1 1
+1 1
+4 1
+1 1
+1 1
+1 1
+1 1
+1 1
+69 10
+1 10
+1 10
+1 10
+1 10
+2 10
+1 10
+1 10
+1 10
+1 10
+1 10
+1 10
+1 6
+4 6
+1 6
+1 6
+6 6
+1 6
+1 12
+4 6
+1 6
+3 6
+1 6
+1 6
+2 6
+1 6
+1 6
+4 6
+1 6
+1 6
+1 6
+1 6
+1 6
+69 13
+1 13
+1 13
+1 13
+1 13
+2 13
+1 13
+1 13
+1 13
+1 13
+1 13
+1 13
+1 8
+4 8
+1 8
+1 8
+6 8
+1 8
+1 16
+4 8
+1 8
+3 8
+1 8
+1 8
+2 8
+1 8
+1 8
+4 8
+1 8
+1 8
+1 8
+1 8
+1 8
+7 1
+1 1
+2 1
+1 1
+2 1
+1 1
+1 1
+2 1
+1 1
+1 1
+4 1
+1 1
+1 1
+1 1
+1 1
+1 1
+41 16
+1 16
+1 16
+1 16
+1 16
+2 16
+1 16
+1 16
+1 16
+1 16
+1 16
+1 16
+1 8
+4 8
+1 8
+1 8
+6 8
+1 8
+1 16
+4 8
+1 8
+3 8
+1 8
+1 8
+2 8
+1 8
+1 8
+4 8
+1 8
+1 8
+1 8
+1 8
+1 8
+7 1
+1 1
+2 1
+1 1
+2 1
+1 1
+1 1
+2 1
+1 1
+1 1
+4 1
+1 1
+1 1
+1 1
+1 1
+1 1
+41 14
+1 14
+1 14
+1 14
+1 14
+2 14
+1 14
+1 14
+1 14
+1 14
+1 14
+1 14
+1 9
+4 9
+1 9
+1 9
+6 9
+1 9
+1 18
+4 9
+1 9
+3 9
+1 9
+1 9
+2 9
+1 9
+1 9
+4 9
+1 9
+1 9
+1 9
+1 9
+1 9
+7 1
+1 1
+2 1
+1 1
+2 1
+1 1
+1 1
+2 1
+1 1
+1 1
+4 1
+1 1
+1 1
+1 1
+1 1
+1 1
+41 6
+1 6
+1 6
+1 6
+1 6
+2 6
+1 6
+1 6
+1 6
+1 6
+1 6
+1 6
+2 4
+4 4
+1 4
+1 4
+6 4
+1 4
+2 8
+4 4
+1 4
+3 4
+1 4
+1 4
+2 4
+1 4
+1 4
+4 4
+1 4
+1 4
+1 4
+1 4
+1 4
+71 64
+2 64
+1 64
+1 64
+1 64
-3 51
+1 51
+1 51
+1 51
+1 94
+5 47
+6 47
+1 47
+8 47
+1 47
-16 340
+6 340
+1 340
+8 340
+1 340

fl=(62)
fn=(194)
25 4
+1 16
+1 4

fl=(270) ./elf/./elf/dl-fini.c
fn=(1762) _dl_fini
26 5
+17 1
-17 6
+20 13
+3 2
cob=(2)
cfi=(246) ./nptl/./nptl/pthread_mutex_lock.c
cfn=(1460) pthread_mutex_lock@@GLIBC_2.2.5
calls=1 +28 
* 44
+2 1
+3 2
+2 5
+7 3
-2 1
+2 1
cfi=(48)
cfn=(482) _dl_audit_activity_nsid
calls=1 -22 
* 11
+5 15
+5 1
-5 1
+5 3
+2 10
+2 10
+2 10
+1 5
+1 5
+4 5
-12 15
+14 6
+1 4
+6 6
cfi=(13)
cfn=(232) _dl_sort_maps
calls=1 298 
* 392
+9 2
cob=(2)
cfi=(247) ./nptl/./nptl/pthread_mutex_unlock.c
cfn=(1462) pthread_mutex_unlock@@GLIBC_2.2.5
calls=1 367 
* 37
+5 6
+2 1
+2 2
-2 4
+2 8
+2 20
cfi=(271) ./elf/./elf/dl-call_fini.c
cfn=(1764) _dl_call_fini
calls=5 -90 
* 1341
+3 10
cfi=(48)
cfn=(1790) _dl_audit_objclose
calls=5 -20 
* 25
-9 10
+14 5
-14 15
+18 3
cfi=(48)
cfn=(482)
calls=1 -85 
* 11
* 2
+6 4
+2 1
-2 2
+6 2
+7 8
-77 2

fl=(147) ./elf/./elf/dl-call-libc-early-init.c
fn=(464) _dl_call_libc_early_init
27 1
+2 2
-2 1
+6 3
-6 3
+6 1
-6 2
+6 1
cfi=(146)
cfn=(460)
calls=1 +41 
* 225
+4 2
+2 3
+2 1
-1 1
-1 1
+2 2
-1 1
cob=(2)
cfi=(148) ./elf/./elf/libc_early_init.c
cfn=(466) __libc_early_init
calls=1 -7 
* 353

fl=(155) ./elf/./elf/dl-init.c
fn=(498) call_init.part.0
26 60
+17 5
+3 5
-3 10
+3 10
+5 8
+8 12
+1 12
cob=(3)
cfi=(153)
cfn=(520) 0x0000000004854000
calls=1 -60 
* 7
cob=(3)
cfi=(153)
cfn=(500) 0x000000000483d000
calls=1 -60 
* 7
+3 4
+1 8
+6 6
+2 6
-2 3
+3 21
+1 12
cob=(5) /usr/lib/x86_64-linux-gnu/libgomp.so.1.0.0
cfi=(161) ???
cfn=(906) 0x000000000000e3a0
calls=1 -74 
* 39
cob=(5)
cfi=(161)
cfn=(530) 0x000000000000cc30
calls=1 -74 
* 17303
cob=(2)
cfi=(160) ./libio/./libio/vtables.c
cfn=(518) check_stdfiles_vtables
calls=1 545 
* 12
* 12
cob=(5)
cfi=(161)
cfn=(524) 0x000000000000e480
calls=1 -74 
* 12
cob=(2)
cfi=(157) ./csu/./csu/init-first.c
cfn=(510) _init_first
calls=1 -28 
* 72
cob=(4) /usr/libexec/valgrind/vgpreload_core-amd64-linux.so
cfi=(156) ???
cfn=(504) 0x0000000000001110
calls=1 -74 
* 12
-1 18
+3 40
-29 2

fn=(496) _dl_init
81 13
+1 1
+1 1
+3 3
+8 2
+25 1
+1 8
+1 10
-92 10
+6 15
+2 22
+83 8
cfn=(498)
calls=4 -94 
* 17641
* 8
+7 8
-98 2
+60 2
-54 3
+2 7
cfn=(498)
calls=1 -11 
* 77
* 2

fl=(20) ./elf/../sysdeps/x86/dl-cacheinfo.h
fn=(52) intel_check_word.constprop.0
123 48
-4 72
+10 24
-10 96
+10 48
-10 24
+10 24
-10 24
+10 24
+2 48
+71 48
fi=(21) ./elf/../bits/stdlib-bsearch.h
32 24
fe=(20)
202 120
-71 96
+2 60
+2 120
+8 120
+51 96
+22 48
fi=(21)
28 48
-1 96
+2 216
+2 168
+1 84
fe=(20)
+78 168
+3 324
fi=(21)
-78 264
-6 528
+2 480
+1 240
fe=(20)
+78 480
+15 12
246 144
fi=(21)
37 120
fe=(20)
155 36
+3 36
-6 12
+3 39
+9 18
+23 21
-32 63
+3 63
+4 58
+2 116
+3 84
+1 48
+1 48
+1 30
+2 11
+2 22
+6 14
+3 8
+1 12
-20 15
+12 4
+2 4
+1 4
-2 4
-1 4
+2 8
-2 4
+3 4
-2 12
+2 12
+11 2
-9 12

fn=(50) handle_intel.constprop.0
255 24
-5 12
+17 12
-17 96
+11 12
+1 12
+5 36
+4 24
+34 96
-29 12
+3 24
-3 12
+3 36
cfn=(52)
calls=12 123 
* 4092
+2 24
+3 60
cfn=(52)
calls=12 123 
* 1272
+2 24

fn=(56) get_common_cache_info.constprop.0
571 11
+17 1
+1 1
+9 1
-12 1
+2 1
+2 1
+8 1
-11 1
+3 1
+11 2
-5 3
+17 1
+5 3
+4 2
770 5
+1 5
+4 2
+8 1
-1 1
+1 1
+1 1
+1 7
627 5
+3 6
-32 5
+75 4
+8 5
+2 2
-2 1
+6 3
+3 1
+1 5
-4 4
+21 2
-21 4
+2 1
+2 4
-4 1
+6 4
+3 2
+5 1
+2 2
+1 1
+1 1
-2 2
+1 1
-19 4
+46 2
+1 1
+1 2
+1 1
+25 3
630 3
+10 6
+14 2
+4 1
+3 1
+1 1
-4 2
+3 3
+6 4
-37 12
+7 6
-7 3
+7 2
+3 20
+5 2
+4 1
+1 1
-1 2
+1 1
+61 2
+7 1
+2 2
-16 1
+22 1
-6 2
+1 1
+5 1
-30 5

fl=(145) ./elf/../sysdeps/nptl/dl-mutex.c
fn=(458) __rtld_mutex_init
30 2
+10 3
-10 3
+10 1
-10 1
+10 1
-10 1
+7 1
+3 2
cfi=(146)
cfn=(460)
calls=1 +34 
* 233
+4 2
+1 8
+2 3
-2 1
+2 3
cfi=(146)
cfn=(460)
calls=1 +27 
* 223
+4 2
+1 7
+1 6

fl=(16) ./elf/../sysdeps/x86/cpu-features.c
fn=(36) init_cpu_features.constprop.0
682 1
+17 1
-17 7
+3 1
+1 1
+1 1
+3 1
+9 2
+3 6
1001 3
+1 2
+3 2
+1 2
+6 1
+1 1
+1 1
+1 1
fi=(20)
792 1
+1 1
+2 1
+14 2
+85 1
+1 1
+15 1
-5 1
+5 1
-10 1
-6 1
+2 1
+14 1
-15 1
+2 1
-1 1
+2 1
-1 1
+2 1
-1 1
+1 1
+2 1
+1 1
+1 1
+1 1
+35 2
-15 3
+8 2
+27 6
+9 2
+19 2
+8 6
cfi=(11)
cfn=(28) __tunable_get_val
calls=1 387 
* 23
* 1
+2 2
+3 4
cfi=(11)
cfn=(28)
calls=1 387 
* 23
* 1
+2 2
+3 4
cfi=(11)
cfn=(28)
calls=1 387 
* 23
* 1
+1 5
+16 2
-12 5
cfi=(11)
cfn=(28)
calls=1 387 
* 23
* 1
+1 3
+6 3
+3 1
-3 2
cfi=(11)
cfn=(28)
calls=1 387 
* 23
* 1
+3 5
-3 1
+3 5
cfi=(11)
cfn=(58) __GI___tunable_set_val
calls=1 153 
* 62
+1 10
cfi=(11)
cfn=(58)
calls=1 153 
* 62
+1 11
cfi=(11)
cfn=(58)
calls=1 153 
* 62
+3 10
cfi=(11)
cfn=(58)
calls=1 153 
* 62
+2 10
cfi=(11)
cfn=(58)
calls=1 153 
* 62
+13 1
+2 1
fe=(16)
-23 1
fi=(20)
+21 1
+3 1
fe=(16)
-24 1
fi=(20)
+26 1
-5 1
+2 1
-2 1
+3 1
fe=(16)
-24 1
fi=(20)
+25 1
+3 1
-1 1
fe=(16)
-27 1
cfi=(11)
cfn=(28)
calls=1 387 
* 22
+3 4
cfi=(11)
cfn=(28)
calls=1 387 
* 24
+6 3
+54 1
-1 1
+1 1
+45 4
cfi=(11)
cfn=(28)
calls=1 387 
* 22
+2 4
cfi=(11)
cfn=(28)
calls=1 387 
* 22
+6 4
cfi=(11)
cfn=(28)
calls=1 387 
* 24
+7 8
fi=(20)
974 12
fe=(16)
+68 1
-1 2
+1 3
+44 3
+27 2
-10 2
+1 2
+2 3
+1 2
+2 3
+1 2
fi=(20)
811 2
cfn=(50)
calls=1 255 
* 455
+1 1
-1 1
+1 1
cfn=(50)
calls=1 255 
* 503
+1 1
-1 1
+1 1
cfn=(50)
calls=1 255 
* 530
+4 1
-4 1
+1 2
+3 1
cfn=(50)
calls=1 255 
* 476
+2 1
-2 1
+2 1
cfn=(50)
calls=1 255 
* 468
+3 1
-3 1
+1 2
+2 1
cfn=(50)
calls=1 255 
* 446
+2 1
-2 1
+2 1
cfn=(50)
calls=1 255 
* 447
+3 1
-2 1
-1 1
+3 1
cfn=(50)
calls=1 255 
* 494
+2 1
-2 1
+2 1
cfn=(50)
calls=1 255 
* 495
+1 1
+2 1
-3 1
+1 1
+2 1
cfn=(50)
calls=1 255 
* 521
+2 1
-2 1
+2 1
cfn=(50)
calls=1 255 
* 522
+2 1
-2 1
+2 1
cfn=(50)
calls=1 255 
* 523
+2 4
-2 1
+2 1
cfn=(56)
calls=1 571 
* 223
+93 1
-6 3
+6 1
-6 2
+6 2
-6 2
+6 2
-1 2
fe=(16)
708 6
cfn=(38) get_common_indices.constprop.0
calls=1 398 
* 74
376 3
+1 2
+1 6
+5 2
713 1
cfn=(42) update_active.constprop.0
calls=1 72 
* 222
+2 1
+2 1
1015 1
715 2
878 2
+7 2
+2 2
+4 2
+6 2
+2 1
706 2
-3 1
384 6
+5 2
+1 7
717 1
fi=(20)
987 1
-48 1
fe=(16)
717 1
fi=(20)
987 2
fe=(16)
717 6
+4 7
+78 1
-25 3
+92 2
+3 2
fi=(20)
+38 1
fe=(16)
-37 1
-89 2
+51 2

fn=(38)
398 3
+4 4
+3 3
+5 2
-5 1
+5 1
-5 1
+4 1
+1 1
+1 4
+1 4
+1 3
+1 2
+7 2
+2 5
+5 1
-5 1
+5 1
-5 1
+5 1
-5 2
+5 1
+7 1
-7 4
+7 1
+1 3
+6 1
-6 4
+6 1
fi=(17) ./elf/../sysdeps/unix/sysv/linux/x86/dl-minsigstacksize.h
24 2
+3 2
+1 2
+37 3
+7 1
+2 1
fe=(16)
457 3

fn=(42)
72 8
+4 1
+10 1
+9 1
+9 1
-19 1
-1 1
+29 1
-4 1
-24 1
+9 1
+9 1
+9 1
-28 2
+25 1
-15 1
-9 1
+9 1
+9 1
+9 1
-3 1
+7 1
-13 1
+9 1
+4 2
-22 1
+22 2
-13 1
+6 1
+3 1
+5 1
+12 1
-8 1
-4 1
+7 1
-3 4
+1 1
+2 1
-2 2
+1 3
+5 1
+2 1
-2 4
+1 1
+1 1
-1 2
+1 1
-1 1
+3 2
+1 4
+14 2
356 2
+4 3
fi=(18) ./elf/../sysdeps/unix/sysv/linux/x86/dl-hwcap2.h
25 2
fi=(19) ./elf/../sysdeps/x86/get-isa-level.h
+5 1
-2 1
+2 3
fe=(16)
369 1
+1 8
151 2
+1 2
-1 5
+1 2
+2 3
+90 1
+1 1
-1 2
+17 4
+16 2
+5 1
-1 2
+4 4
+4 2
+4 3
+1 2
+3 1
-1 1
+9 1
-5 1
+2 1
-2 1
+5 1
+51 1
fi=(19)
31 1
fe=(16)
356 2
fi=(19)
32 3
+4 3
fe=(16)
158 4
+3 1
+3 2
+14 1
+2 1
+10 3
-12 1
+12 1
-12 1
+2 2
-2 1
+2 1
+8 1
-8 1
+6 3
+2 1
-2 1
+2 3
+7 5
fi=(19)
39 2
+1 4
-2 1
+7 4
+2 1
+1 2
+3 5
+2 4
+1 2
+1 2
+3 1
-1 1
+1 3
fe=(16)
171 1
-5 2
+4 1

fl=(14)
fn=(30)
36 1
fi=(277) ./elf/../sysdeps/unix/sysv/linux/brk_call.h
-12 2
fe=(14)
+13 1
+1 2
+6 1
+1 1

fl=(49) ./string/../string/strcspn.c
fn=(156) strcspn
32 6
+1 3
+1 2
+5 6
+1 4
+1 4
+1 4
+2 1
+3 3
+1 2
-1 6
+1 4
+3 4
+1 4
+1 4
+1 4
+2 3
+6 1
-1 1
+1 1
+2 2
-1 2
+2 1
+2 6
-5 12
-1 12
+1 12
+2 24
-1 24
+2 12
+2 72
+2 1
+1 4
+1 3

fl=(52)
fn=(216) _dl_sysdep_read_whole_file
36 2
+3 1
-3 7
+3 1
-3 2
+3 1
cfi=(53)
cfn=(172)
calls=1 -11 
* 20
+1 2
+23 8
-21 4
cfi=(55)
cfn=(178)
calls=1 -12 
* 6
* 2
+2 2
+3 2
+13 2
cfi=(62)
cfn=(194)
calls=1 -35 
* 6
* 1
-11 6
cfi=(57)
cfn=(182)
calls=1 -2 
* 26
* 2

fn=(168)
68 224
+1 64
cfi=(32)
cfn=(94)
calls=32 +29 
* 954
* 64
+3 32
+2 64
+6 32
-6 64
+1 114
cfi=(32)
cfn=(94)
calls=38 +23 
* 1156
* 76
+8 6
-13 6
+13 44
-1 26
+1 78

fl=(13)
fn=(234) dfs_traversal.part.0
135 90
+10 10
-2 10
+2 20
+2 28
-7 30
+7 60
+9 20
+15 30
+1 10
+1 60
-17 15

fn=(26)
289 2
+1 2
-1 2
+1 2
cfi=(11)
cfn=(28)
calls=1 +97 
* 24
+2 3
-1 1
+2 2

fn=(232)
298 24
+8 2
-8 2
+8 4
+4 16
-99 2
-28 2
-2 2
+1 4
+29 2
-28 8
+1 2
-1 2
+1 2
-1 4
+1 8
-1 8
+1 8
-1 16
+28 30
+8 6
-3 2
+2 2
+1 4
-3 2
+5 32
+2 10
-83 50
cfn=(234)
calls=10 -5 
* 383
+86 30
+18 8
+32 8
+7 2
+27 2
-47 6
cfi=(29)
cfn=(82)
calls=2 -53 
* 38
* 2

fl=(25) ./elf/./elf/dl-environ.c
fn=(70) _dl_next_ld_env_entry
28 3
+1 3
+3 36
+13 26
-13 52
+2 56
+1 12
+5 2
-3 2
+3 2
+2 2

fl=(37)
fn=(108)
172 6
+3 1
-3 3
+3 1
-3 5
+2 1
cfi=(38) ./elf/../sysdeps/x86_64/dl-hwcaps-subdirs.c
cfn=(110) _dl_hwcaps_subdirs_active
calls=1 29 
* 49
+1 1
fi=(40) ./elf/./dl-hwcaps.h
43 1
fe=(37)
174 1
fi=(40)
45 2
+32 1
+1 1
+1 1
fe=(37)
-27 2
cfi=(39) ./elf/./elf/dl-hwcaps_split.c
cfn=(114) _dl_hwcaps_split_masked
calls=1 -1 
* 23
* 2
fi=(40)
-9 1
+2 1
-2 1
+34 2
+1 2
+1 1
fe=(37)
-24 2
-1 2
+1 2
+1 2
+1 2
-5 4
cfi=(39)
cfn=(114)
calls=2 -1 
* 130
* 2
cfi=(39)
cfn=(114)
calls=1 -1 
* 125
* 6
+48 4
fi=(28)
-44 2
cfi=(27)
cfn=(78)
calls=1 -20 
* 30
fe=(37)
+46 2
-2 1
+2 1
+3 1
+3 1
fi=(40)
-65 1
+2 1
fe=(37)
+67 1
fi=(40)
-66 1
fe=(37)
+66 2
cfi=(39)
cfn=(120) _dl_hwcaps_split
calls=1 -87 
* 13
* 2
fi=(40)
-69 1
+2 1
-2 1
+34 2
+1 2
+1 1
fe=(37)
+48 10
+1 4
+1 2
+1 2
-1 2
-4 4
cfi=(39)
cfn=(114)
calls=2 -74 
* 130
* 2
cfi=(39)
cfn=(114)
calls=1 -74 
* 125
* 6
+8 3
+9 5
+3 8
-2 6
+14 1
+4 1
+1 1
+1 1
-20 3
+19 1
+1 1
-20 2
+8 2
+4 2
-4 3
+4 2
cfi=(42)
cfn=(122)
calls=1 -96 
* 19
+1 3
-14 8
+47 1
-4 2
+4 2
-3 1
+7 1
-7 2
+7 1
fi=(28)
56 1
cfi=(27)
cfn=(78)
calls=1 -20 
* 30
* 1
fe=(37)
194 2
+8 1
fi=(40)
43 1
fe=(37)
201 1
80 1
fi=(40)
-35 1
fe=(37)
+35 1
202 1
fi=(40)
77 1
+1 1
fe=(37)
202 3
fi=(40)
79 1
fe=(37)
-2 2
cfi=(39)
cfn=(114)
calls=1 -26 
* 23
* 2
fi=(40)
-34 1
+2 1
fe=(37)
+35 2
fi=(40)
-37 1
+34 2
+1 2
+1 3
fe=(37)
+1 4
+7 2
-7 8
cfi=(29)
cfn=(126)
calls=2 197 
* 26
+4 2
+2 2
+2 2
-2 4
-9 4
cfi=(39)
cfn=(114)
calls=2 -26 
* 130
* 2
cfi=(39)
cfn=(114)
calls=1 -26 
* 125
* 6
213 2
-5 1
+1 1
-1 1
+5 1
+3 9

fl=(64) ./elf/./elf/dl-deps.c
fn=(206) openaux
61 24
+7 4
-4 12
+1 4
-1 28
cfi=(30)
cfn=(166)
calls=4 1967 
* 10307
* 4
+5 12

fn=(202) _dl_map_object_deps
143 4
+1 2
-1 1
+1 1
-1 2
+1 1
-1 1
+1 1
-1 4
+1 3
-1 1
+1 7
-8 1
+8 2
-8 1
-6 1
-2 1
+16 1
-8 1
-7 1
+1 1
+6 1
+24 4
-28 3
-2 1
+31 1
-33 2
+2 2
+30 2
-30 1
-1 4
+7 4
+24 3
+28 3
-6 1
+46 1
fi=(72) ./elf/../include/scratch_buffer.h
77 1
fe=(64)
+87 1
fi=(72)
-87 1
+1 1
fe=(64)
184 1
+44 4
-31 1
-4 1
+4 6
-4 4
+4 8
+11 14
-18 2
+18 4
417 10
+2 3
+3 3
-3 9
+3 3
-3 3
fi=(28)
56 3
cfi=(27)
cfn=(78)
calls=3 -20 
* 90
fe=(64)
423 9
fi=(28)
56 3
fe=(64)
423 3
+6 3
+1 15
cfi=(29)
cfn=(82)
calls=3 210 
* 33
+1 15
cfi=(29)
cfn=(82)
calls=3 210 
* 33
+3 3
+1 6
+4 15
188 8
442 12
-1 5
+1 10
183 6
+27 12
+7 3
+4 3
-6 3
+1 3
+1 3
+1 6
+3 9
-2 3
-29 15
+32 168
+6 16
cfi=(30)
cfn=(204)
calls=4 +10 
* 212
* 12
+4 8
-2 4
+2 8
cfi=(50) ./elf/./elf/dl-catch.c
cfn=(160) _dl_catch_exception
calls=4 -28 
* 10659
+1 8
+9 4
+2 8
+5 15
+6 3
+2 3
-8 6
+3 3
+1 3
+1 3
+1 3
+4 3
-3 3
+3 9
+4 12
+1 6
-43 345
+7 8
+38 240
fi=(72)
85 3
fe=(64)
448 5
+1 1
+3 4
+11 5
fi=(28)
56 1
cfi=(27)
cfn=(78)
calls=1 -20 
* 30
fe=(64)
465 3
fi=(28)
56 1
fe=(64)
465 1
+5 2
+1 1
-1 3
+4 3
-2 2
+13 4
+5 4
-16 12
+11 4
-7 4
+7 4
-2 8
-5 1
+7 1
-2 2
+2 1
-11 1
+11 1
+5 1
-16 3
+21 3
+37 2
+15 2
-14 2
+20 1
-1 4
+1 4
-1 5
cfi=(13)
cfn=(232)
calls=1 298 
* 343
+5 1
+2 1
+1 1
+1 2
-2 1
+2 1
+7 3
+3 2
+3 8
198 32
+3 3
fi=(72)
-70 12
cfi=(71) ./malloc/./malloc/scratch_buffer_set_array_size.c
cfn=(228) __libc_scratch_buffer_set_array_size
calls=3 30 
* 75
fe=(64)
+70 9
+4 6
547 4
cfi=(29)
cfn=(82)
calls=1 210 
* 19
* 3
-53 2
144 2

fl=(22)
fn=(62)
57 20
+44 20
+1 20
+1 20
+1 20
+1 20
+1 20
+1 20
+2 20
+2 20
+31 20
+1 20
+1 20
+1 20
+1 20
+1 11
+2 11
+4 9
+1 9
+1 9
+1 9
+1 9
+1 9
+1 9
+1 9
+1 9
+1 9
+1 9
+1 9
+5 72

fl=(73) ./elf/./elf/dl-version.c
fn=(240) _dl_check_all_versions
392 7
+4 5
-2 1
+4 30
cfn=(242) _dl_check_map_versions
calls=5 155 
* 10084
-2 5
+2 15
-1 5
-1 10
+5 7

fn=(242)
155 50
+15 15
+2 25
+2 5
+1 5
+2 10
+3 6
-16 6
+20 3
-4 3
-24 3
+28 21
+16 6
36 3
200 3
36 21
200 2
36 1
200 1
36 7
+1 12
-1 24
+2 48
cfi=(52)
cfn=(168)
calls=16 +30 
* 1415
* 36
208 12
+5 4
fi=(278) ./elf/../sysdeps/generic/_itoa.h
76 12
fe=(73)
213 8
+4 8
+1 8
-1 8
+4 4
-3 4
+3 4
-3 12
-1 42
+1 42
-1 42
+4 21
-3 21
+3 21
-3 123
56 100
+8 75
+6 75
+16 25
+1 50
+2 25
+5 175
+14 706
+12 984
+4 328
-30 656
231 100
+3 75
+5 21
-24 21
110 25
+3 125
cfi=(32)
cfn=(94)
calls=25 -15 
* 892
* 75
224 75
+4 8
+15 12
+5 1
-50 1
+59 15
+3 6
+3 21
+3 12
+4 3
-7 12
+3 9
+4 79
-7 316
+3 240
+8 9
+6 8
fi=(28)
44 4
fe=(73)
280 8
fi=(28)
44 4
cfi=(27)
cfn=(74)
calls=4 +36 
* 164
fe=(73)
281 8
-2 4
fi=(28)
44 4
fe=(73)
281 4
+13 4
-3 4
+3 16
+2 8
+3 12
+4 12
+7 25
+1 25
-1 75
+1 25
+1 25
-2 25
+2 50
+1 75
+3 75
+5 21
-15 21
+2 21
-2 21
+2 21
-2 21
+2 42
-2 4
+2 4
-2 4
+2 4
-2 4
+2 8
+16 12
+5 1
-28 1
+33 6
+3 6
+4 82
+6 82
+1 82
+1 82
-1 246
+1 82
-1 82
+1 82
+1 82
+3 246
+4 82
-14 170
+10 9
+12 6
+1 6
+1 6
+1 2
+19 45
164 2
-8 2
257 5
+17 3
+60 2
-40 2
+76 4
+2 4
+4 2
-4 120
+1 60
+2 1
+1 2
-1 1
+1 1
cfi=(32)
cfn=(244)
calls=1 98 
* 32
* 2

fl=(78) ./elf/./elf/dl-lookup.c
fn=(270) _dl_lookup_symbol_x
772 1062
+3 177
-3 531
+3 177
-3 708
fi=(79) ./elf/../sysdeps/generic/dl-new-hash.h
74 177
+3 354
-8 177
+1 354
+10 177
+1 354
-1 1015
+1 2030
+20 1110
-2 1110
+6 1110
-3 2220
+2 1110
-30 1110
+3 2220
fe=(78)
774 177
+1 177
+3 177
-4 177
+1 177
+7 684
+5 177
-2 177
+2 177
-2 177
+6 2528
+1 2478
cfn=(274) do_lookup_x
calls=177 347 
* 72610
* 531
+28 177
-23 531
+23 177
-23 354
+24 986
+7 167
-7 167
+35 668
+34 668
-20 501
+3 334
-57 177
+76 1593
fi=(79)
87 82
+1 82
+1 164
+1 82
fe=(78)
871 2
-72 60
+18 30
+11 40

fn=(276) check_match
70 2625
+3 1044
+13 172
-13 172
+13 172
-13 172
+13 516
+3 784
cfi=(32)
cfn=(94)
calls=110 +9 
* 5598
* 220
+4 172
+1 344
+2 340
+19 340
+1 1360
+2 10
+43 167
+1 1400
-18 4
+2 4
+1 2
-1 4
+1 6
-1 4
-68 10
+39 495
cfi=(32)
cfn=(94)
calls=165 -19 
* 4528
* 330
-44 12
+5 6

fn=(274)
347 1593
+1 177
-1 708
+6 177
-6 177
+65 177
-58 177
+11 177
+50 177
-3 354
+3 354
-50 177
+50 708
-19 2112
+8 704
-4 704
+1 704
+3 2816
+1 1408
+3 704
-3 704
+4 1408
+4 1408
-2 704
+5 2816
+3 4928
+99 1623
358 1416
+3 1416
+4 1448
+21 1408
+4 1408
+71 1336
fi=(4) ./elf/../sysdeps/generic/ldsodefs.h
139 334
+1 501
fe=(78)
476 334
fi=(80) ./elf/../sysdeps/generic/dl-protected.h
29 668
fe=(78)
483 1224
+16 334
+1 167
+22 167
-21 167
+21 1169
-99 537
-1 358
+2 358
+2 176
+6 704
-6 176
+6 1232
+7 651
-10 1920
+2 175
+1 525
-1 175
+1 350
-1 175
+1 175
+1 175
-1 175
+1 175
-1 1225
cfn=(276)
calls=175 70 
* 21013
+4 525
+3 16
+31 72
+52 10
-1 10
+1 70
-35 84

fl=(45)
fn=(144) _dl_debug_initialize
56 3
+3 2
+4 1
+22 1
+10 1
-32 2
+1 1
+21 2
+5 2
+1 1
+4 1
-4 1
-1 1
+2 1
+3 1
+4 2
+8 2
-50 1
+4 2
+35 6

fn=(196)
38 4
+3 4
-1 8
+4 8
+4 4

fn=(150) _dl_debug_state
116 2
+1 2

fl=(23)
fn=(64)
37 4
+3 1
-3 2
+21 2
+4 2
+16 5

fl=(26)
fn=(84)
31 16
+2 4
-2 8
+2 4
-2 12
+2 4
cfi=(24) ./elf/../sysdeps/nptl/dl-tls_init_tp.c
cfn=(86) rtld_mutex_dummy
calls=4 +9 
* 12
+2 35
+3 36
+2 3
+2 3
+4 3
+4 3
-4 6
+1 6
+1 6
+3 15
-1 3
cfi=(24)
cfn=(86)
calls=3 -8 
* 9
-4 1
+4 1
-4 2
+1 2
+1 2
+3 5
-1 1
cfi=(24)
cfn=(86)
calls=1 -8 
* 3
-5 2

fn=(72)
59 60
+3 8
+18 6
+3 3
cfi=(22)
cfn=(62)
calls=3 -26 
* 69
+4 3
-4 3
+4 3
+5 3
-9 9
fi=(28)
-39 6
cfi=(27)
cfn=(74)
calls=3 +36 
* 224
fe=(26)
+39 1
fi=(28)
-39 2
cfi=(27)
cfn=(74)
calls=1 +36 
* 47
* 4
fe=(26)
+51 8
+5 4
+4 4
-6 4
+2 4
+4 4
-5 4
+4 4
+1 4
-1 4
+1 8
cfi=(29)
cfn=(82)
calls=4 210 
* 55
* 4
+15 4
-15 4
+2 4
+13 8
+6 1
+2 7
+3 2
-3 21
+3 6
+2 4
+4 4
+3 12
+2 12
-2 8
+2 8
-2 16
+16 8
-5 4
+5 4
-6 4
+6 4
-6 4
+6 8
+2 6
+3 6
-3 6
+7 12
+4 9
+8 1
+13 1
-10 2
+10 6
-10 6
+10 9
+2 3
cfi=(22)
cfn=(62)
calls=3 57 
* 105
+21 3
-21 9
+17 3
-13 9
+50 9
cfi=(29)
cfn=(126)
calls=3 -48 
* 55
* 3
+5 6
+1 6
-1 106
+1 106
+4 6
+1 3
+3 3
+4 36
131 8
-8 3
-4 6
+34 1
+7 4
+8 12
fi=(28)
56 6
cfi=(27)
cfn=(78)
calls=3 -20 
* 90
* 3
fe=(26)
200 6
-1 6
64 2
+2 3
+1 2
+4 6
+6 2

fl=(7)
fn=(12) __rtld_malloc_init_stubs
42 1
+1 2
+1 2
+1 2
+1 2
+1 1

fn=(134)
239 2
+3 4
+2 2
+1 4
+4 3
-2 2
+4 28
+5 84
-2 56
+13 1
+4 4
-22 14
+15 14
-15 30

fn=(454) lookup_malloc_symbol
61 8
+3 4
-3 12
+3 4
-3 12
+3 4
-3 4
+2 4
+1 16
cfi=(78)
cfn=(270)
calls=4 772 
* 2368
+4 28
+1 28
+2 4
fi=(144) ./elf/./dl-sym-post.h
-30 8
+12 12
fe=(7)
+19 24

fn=(450) __rtld_malloc_init_real
76 2
+10 1
fi=(143) ./elf/../sysdeps/generic/dl-hash.h
-41 1
-1 1
fe=(7)
+32 8
+11 1
-1 1
fi=(143)
-43 1
+5 3
+14 4
-17 3
+3 15
+14 20
-17 15
fe=(7)
+46 2
fi=(143)
-24 1
fe=(7)
+22 1
+2 2
fi=(143)
-19 1
fe=(7)
+19 1
cfn=(454)
calls=1 -30 
* 617
+1 3
-1 1
+1 1
cfn=(454)
calls=1 -31 
* 606
+1 3
-1 1
+1 1
cfn=(454)
calls=1 -32 
* 691
+1 3
-1 1
+1 1
cfn=(454)
calls=1 -33 
* 626
+5 1
+1 1
+1 1
+1 1
+1 8

fl=(163) ./elf/./elf/dl-runtime.c
fn=(542) _dl_fixup
46 176
+2 80
+1 16
+6 16
fi=(279) ./elf/../sysdeps/x86_64/dl-runtime.h
-27 16
fe=(163)
+21 16
+5 16
+1 16
-6 16
+6 32
+1 16
+2 16
-2 16
+2 16
-2 80
+7 32
+4 32
+4 16
-2 16
+2 32
+4 48
+1 64
+1 48
+8 16
-1 16
+1 32
+2 1
+1 1
+7 10
cfi=(78)
cfn=(270)
calls=1 772 
* 656
* 150
cfi=(78)
cfn=(270)
calls=15 772 
* 10020
* 16
+4 80
+10 160
+15 64
+9 48
+26 48
fi=(6)
+75 16
fe=(163)
-71 128
-63 4
fi=(186) ./elf/../sysdeps/x86_64/dl-irel.h
-68 1
cob=(2)
cfi=(112) ./string/../sysdeps/x86_64/multiarch/strncmp.c
cfn=(352) strncmp
calls=1 +35 
* 21
fe=(163)
+93 2

fl=(38)
fn=(110)
29 1
fi=(19)
+2 1
fe=(38)
+7 1
fi=(19)
-8 4
fe=(38)
+22 1
fi=(19)
-20 3
+4 1
fe=(38)
+2 1
fi=(19)
-2 2
+3 4
+1 4
+5 1
fe=(38)
-7 1
fi=(19)
+7 3
fe=(38)
-2 1
fi=(19)
+5 2
+3 5
+2 4
+1 2
+1 2
+3 1
fe=(38)
-10 1
fi=(19)
+10 3
fe=(38)

fl=(71)
fn=(228)
30 39
+4 3
+1 6
+10 6
+18 3
-17 3
+17 15

fl=(76) ./elf/../sysdeps/x86_64/dl-cet.c
fn=(260) _dl_cet_check
361 8
-76 1
-10 2
+2 2
-1 1
+6 1
+3 1
+8 1
-11 1
+1 1
-1 1
+1 1
-1 1
+1 1
+10 4
+3 1
+4 2
+2 2
-1 1
+2 2
+2 2
-1 2
+4 1
+2 1
+3 2
145 2
+12 2
+16 1
+6 1
363 6

fn=(492) _dl_cet_setup_features
331 1
+3 2
+16 1

fl=(2)
fn=(2) _dl_start
517 16
85 1
547 4
85 1
543 1
fi=(6)
55 1
fe=(2)
+30 1
546 1
85 1
fi=(3) ./elf/./get-dynamic-info.h
-40 1
fe=(2)
546 1
fi=(3)
45 2
+23 18
-23 72
+4 36
+3 5
-1 10
+3 20
+1 16
+1 5
fi=(4)
+23 1
fi=(3)
+31 1
-38 3
+12 4
+1 3
+1 4
+1 4
+1 5
+1 3
+1 4
+1 4
+12 7
+7 2
-51 4
+64 3
+6 3
+1 3
+3 2
+1 3
+5 5
+3 5
fe=(2)
563 154
fi=(4)
79 1
fe=(2)
563 1
fi=(4)
79 2
fe=(2)
563 27
fi=(6)
287 3
fi=(5) ./elf/./elf/do-rel.h
49 1
fe=(2)
563 1
fi=(5)
50 1
-1 2
+4 1
-3 1
+3 4
+3 2
-7 1
fe=(2)
563 1
fi=(5)
50 1
-1 2
+4 1
-3 1
+3 4
+3 2
+7 3
+2 3
-2 6
fi=(6)
278 3
fi=(5)
64 6
fi=(6)
278 6
+9 24
+3 6
+1 6
+26 8
+6 2
fi=(5)
61 13
fe=(2)
563 6
fi=(5)
51 1
fi=(4)
+28 2
fi=(3)
-17 4
+2 4
fe=(2)
565 1
+13 1
cfi=(7)
cfn=(12)
calls=1 42 
* 10
458 2
85 1
476 2
85 3
476 1
cfi=(8)
cfn=(14)
calls=1 25 
* 27
+2 1
+16 2
-17 1
+11 1
-10 1
+16 1
cfi=(9)
cfn=(16)
calls=1 102 
* 190053
* 1
+2 2
+89 9
fi=(3)
103 3
fe=(2)

fn=(154) handle_preload_list
869 11
+5 1
-5 2
+5 2
-4 3
+7 3
cfi=(49)
cfn=(156)
calls=1 32 
* 254
* 1
+1 3
+9 1
183 1
889 2
183 2
891 2
-80 1
+5 1
-6 1
-4 1
+10 2
-6 1
+4 1
+2 2
-5 1
+1 1
+4 1
cfi=(50)
cfn=(158) _dl_catch_error
calls=1 254 
* 2754
+1 3
+8 3
+67 1
-18 2
+21 9
-15 4
cfi=(29)
cfn=(82)
calls=1 210 
* 19
+1 2

fn=(66)
1346 2
197 1
1346 11
199 1
302 1
+1 1
197 1
+99 3
1357 1
cfi=(24)
cfn=(68) __tls_pre_init_tp
calls=1 53 
* 17
2749 1
2538 1
2749 2
2598 1
+2 2
+15 1
-13 2
cfi=(25)
cfn=(70)
calls=1 28 
* 27
* 4
cfi=(25)
cfn=(70)
calls=2 28 
* 169
* 9
+4 6
-2 2
+2 6
+1 2
-1 6
+1 17
-1 89
+9 12
2727 3
1373 1
+1 2
-1 2
+1 2
2687 3
-47 2
+10 2
1637 9
cfi=(26)
cfn=(72)
calls=1 59 
* 210
* 1
+2 2
+1 3
+6 1
-5 2
+1 3
+4 1
cfi=(26)
cfn=(84)
calls=1 31 
* 42
+1 2
1116 1
-1 1
1351 1
1143 1
-21 2
+21 2
-19 1
+1 1
-3 1
+21 2
+57 1
-82 1
+25 1
-3 1
+4 1
+19 1
+37 4
-56 102
+56 4
-1 4
+1 8
-1 4
+2 8
+1 1
+2 12
+1 14
+4 8
+1 8
+1 4
+4 12
-72 27
1253 2
+1 22
+6 4
cfi=(30)
cfn=(88)
calls=1 868 
* 90
-7 26
+1 13
+6 13
-6 26
fi=(31)
235 4
+1 2
-87 4
fe=(2)
1148 1
-5 1
+5 2
-5 2
+30 1
-9 2
+2 1
-3 1
+10 2
+18 2
-38 2
-10 1
+10 1
+1 9
-11 2
+1 14
1247 1
1143 1
1247 2
1143 3
1266 4
+3 3
+2 3
1672 3
+2 2
-1 1
+1 1
+1 3
-2 2
cfi=(32)
cfn=(94)
calls=1 98 
* 25
* 2
+7 1
+3 1
-5 1
+3 1
+2 1
+1 2
+4 2
+2 2
fi=(3)
39 4
+4 1
+2 1
+9 1
+1 1
-10 2
+23 27
-23 108
+4 54
+3 6
-1 12
+3 24
+1 20
fe=(2)
1243 1
1143 1
1243 1
1143 2
fi=(3)
72 4
+43 2
+7 3
+1 4
+6 3
+18 4
+5 2
+2 2
+2 2
+2 2
+1 2
+3 4
+2 3
+1 2
+9 2
+6 2
+1 3
+3 3
fe=(2)
1698 4
+7 2
cfi=(8)
cfn=(14)
calls=1 25 
* 27
+3 2
fi=(33) ./elf/./setup-vdso.h
24 2
fi=(36) ./elf/./dl-main.h
+85 2
fi=(35) ./elf/../sysdeps/unix/sysv/linux/dl-vdso-setup.h
-64 1
fi=(36)
+64 3
cfi=(30)
cfn=(106)
calls=1 706 
* 2322
fe=(2)
1733 3
cfi=(45)
cfn=(144)
calls=1 56 
* 34
+7 1
-5 1
-2 1
+7 1
+4 1
+1 1
+2 1
-3 3
+1 2
+3 1
+11 1
-13 1
+13 1
+1 2
+5 1
-3 2
+2 1
+1 2
+5 3
+1 5
-1 2
224 1
+1 1
-1 1
+1 3
+1 2
1788 2
+5 1
-1 1
1352 1
1793 1
+24 1
cfi=(46)
cfn=(146) _dl_count_modids
calls=1 192 
* 6
* 1
fi=(47) ./elf/../sysdeps/generic/dl-debug.h
29 4
+1 1
fe=(2)
1823 1
+1 1
cfi=(45)
cfn=(150)
calls=1 116 
* 2
+1 1
+4 3
cfi=(48)
cfn=(152) _dl_audit_activity_map
calls=1 29 
* 17
+5 3
+2 1
+2 2
+9 2
+16 4
cfi=(63) ./io/../sysdeps/unix/sysv/linux/access.c
cfn=(200) access
calls=1 25 
* 9
* 2
+76 4
+16 3
85 1
1965 1
85 2
1965 1
85 1
1965 5
85 1
1965 2
cfi=(64)
cfn=(202)
calls=1 143 
* 12924
92 1
+9 1
1971 1
92 2
+9 2
1971 2
+1 6
-1 4
+1 8
-1 16
+4 3
+1 2
+1 1
+2 18
+1 8
+46 1
-42 2
+8 3
+1 2
+2 1
+2 3
+2 1
-4 1
+5 1
-1 2
+14 2
+1 2
+1 3
-25 1
+36 2
+2 1
-2 1
+2 2
-2 1
+1 2
+1 1
-1 2
+1 1
cfi=(50)
cfn=(236) _dl_receive_error
calls=1 186 
* 10206
+10 1
+1 1
-1 1
+1 1
+3 2
837 1
fi=(280) ./elf/../sysdeps/unix/sysv/linux/dl-osinfo.h
39 2
fe=(2)
839 1
fi=(280)
52 1
fe=(2)
848 1
+7 1
-5 1
2047 3
2246 2
+4 1
-4 1
+10 1
-6 1
+6 1
-6 1
+9 2
+8 2
fi=(31)
36 2
+1 3
+3 3
+13 7
-13 4
+9 8
-9 1
+9 20
+4 16
-16 15
+34 1
fe=(2)
2279 1
fi=(31)
71 1
cfi=(76)
cfn=(260)
calls=1 361 
* 55
fe=(2)
2282 1
-3 2
+5 1
-2 2
+2 2
+1 6
cfi=(77) ./elf/./elf/dl-reloc.c
cfn=(262) _dl_relocate_object
calls=1 207 
* 71074
85 2
2292 1
85 2
2292 1
+1 17
+2 10
+5 10
+2 10
+6 5
+2 10
+1 32
cfi=(77)
cfn=(262)
calls=4 207 
* 56063
+4 14
+1 4
-23 2
+23 2
cfi=(46)
cfn=(438) _dl_add_to_slotinfo
calls=2 1017 
* 56
-23 5
92 3
+1 1
2325 1
93 1
2325 1
+4 4
+2 1
+7 4
cfi=(46)
cfn=(440) _dl_allocate_tls_init
calls=1 523 
* 249
+3 2
+4 3
+2 2
+33 3
cfi=(147)
cfn=(464)
calls=1 27 
* 603
+7 1
cfi=(9)
cfn=(480)
calls=1 147 
* 2
+3 3
cfi=(48)
cfn=(482)
calls=1 41 
* 11
+4 2
cfi=(45)
cfn=(196)
calls=1 38 
* 7
+1 1
-1 1
+2 1
cfi=(45)
cfn=(150)
calls=1 116 
* 2
+1 1
+4 1
cfi=(67)
cfn=(484) _dl_unload_cache
calls=1 525 
* 19
+5 8
2304 1
+1 1
-3 2
226 2
-2 1
+1 1
1773 1
+6 1
-6 2
+6 1
fi=(3)
56 5
+3 4
fi=(34) ./elf/../sysdeps/unix/sysv/linux/dl-vdso.h
-19 2
+1 5
fi=(35)
-11 1
+3 1
+3 1
+3 1
fi=(34)
+16 2
fi=(3)
+17 3
+12 3
+1 5
+1 5
+1 5
+1 4
+1 5
+1 5
+1 5
+12 2
+7 1
-7 7
+7 2
fe=(2)
1743 4
2357 1
cfi=(141) ./elf/./elf/dl-find_object.c
cfn=(442) _dl_find_object_init
calls=1 561 
* 728
+5 3
cfi=(7)
cfn=(450)
calls=1 76 
* 2651
+3 1
cfi=(145)
cfn=(458)
calls=1 30 
* 503
85 1
2371 1
+1 3
85 3
2372 2
cfi=(77)
cfn=(262)
calls=1 207 
* 1699
92 3
+9 3
2687 2
+2 1
+1 1
-1 1
+1 1
+1 1
2040 2
cfn=(246) init_tls
calls=1 734 
* 877
* 2
2650 2
+2 2
+1 1
fi=(3)
62 4
+2 4
fe=(2)
1943 10
85 1
1842 2
85 3
1842 2
cfn=(154)
calls=1 869 
* 3098
* 1
92 3
+9 3
1943 6
+1 1
-1 1
+4 3
+1 1
+1 2
+1 2
-7 2

fn=(164) map_doit
641 2
+2 1
-2 4
+2 1
+1 2
-1 2
+1 3
cfi=(30)
cfn=(166)
calls=1 1967 
* 2643
* 1
+2 3

fn=(246)
734 1
+6 1
-6 3
+2 2
+4 2
+11 1
fi=(28)
44 1
fe=(2)
746 1
+4 1
fi=(28)
44 1
cfi=(27)
cfn=(74)
calls=1 +36 
* 41
fe=(2)
761 1
-12 1
+6 1
-9 1
+11 1
+4 1
+2 3
-1 2
+3 10
+4 2
+2 2
-2 4
-5 2
-1 4
+10 3
+3 2
cfi=(46)
cfn=(248) _dl_tls_static_surplus_init
calls=1 97 
* 86
+3 1
cfi=(46)
cfn=(250) _dl_determine_tlsoffset
calls=1 216 
* 116
+7 1
cfi=(46)
cfn=(252) _dl_allocate_tls_storage
calls=1 417 
* 469
* 1
+1 2
+6 1
fi=(74) ./elf/../sysdeps/generic/dl-call_tls_init_tp.h
31 2
fe=(2)
793 1
fi=(74)
31 6
+2 1
cfi=(24)
cfn=(256) __tls_init_tp
calls=1 +35 
* 79
fe=(2)
800 1
-3 1
+3 4
-36 3
-1 7

fn=(238) version_check_doit
674 2
+2 1
-2 4
+2 3
cfi=(73)
cfn=(240)
calls=1 392 
* 10169
* 2
+4 3

fl=(46)
fn=(224)
125 2
+16 2
-13 2
-3 6
+3 2
+55 2
-2 2
+5 2
+1 4

fn=(250)
216 9
+6 4
+3 2
+36 3
+2 1
-2 1
-2 1
-40 1
-1 1
-1 1
+46 2
+23 6
+3 2
-3 10
+2 4
+4 1
-1 1
+1 1
+2 1
-33 2
+20 1
-20 5
+33 1
-33 2
+20 1
-20 5
+2 4
+3 2
-1 2
+5 4
-5 2
+1 2
-1 2
+3 4
+2 6
+32 2
-1 1
+53 1
-52 5
+2 2
+51 8

fn=(438)
1017 16
+9 2
-9 2
+6 2
+4 2
+4 6
+34 4
+3 4
+1 6
+3 12

fn=(248)
97 2
+3 1
-3 3
+3 1
-3 1
+3 1
-3 1
+3 1
-3 1
+3 1
cfi=(11)
cfn=(28)
calls=1 387 
* 23
* 1
+1 4
cfi=(11)
cfn=(28)
calls=1 387 
* 23
+1 1
+2 1
-3 1
+1 2
+2 3
+3 1
+2 1
-26 3
+28 3
+1 6

fn=(1458) _dl_allocate_tls
626 210
+1 42
365 21
fi=(28)
44 21
fe=(46)
369 21
+1 21
fi=(28)
44 21
cob=(2)
cfi=(175) ./malloc/./malloc/malloc.c
cfn=(670) calloc
calls=21 3699 
* 4452
fe=(46)
371 42
+9 21
-6 21
+6 42
534 42
cob=(2)
cfi=(246)
cfn=(1460)
calls=21 77 
* 924
+3 63
+12 21
+24 21
-42 21
-1 42
+24 168
+9 126
+1 84
+6 126
+3 42
-2 42
+6 42
-6 42
+2 42
+4 42
-4 126
+3 84
+4 84
+1 168
+2 84
+1 42
+19 168
-19 42
+19 42
-10 42
+10 84
cfi=(29)
cfn=(126)
calls=42 197 
* 546
* 252
cfi=(43)
cfn=(130)
calls=42 132 
* 1260
-49 42
+55 126
-55 168
+6 126
+55 42
cob=(2)
cfi=(247)
cfn=(1462)
calls=21 367 
* 777
+3 21
+2 21
+10 168

fn=(252)
417 7
+2 1
+11 1
+1 1
fi=(28)
56 1
cfi=(27)
cfn=(78)
calls=1 -20 
* 85
fe=(46)
432 2
+8 3
fi=(28)
44 1
fe=(46)
440 2
+5 1
-5 1
+1 1
+4 304
+19 1
-99 1
+4 1
+1 1
fi=(28)
44 1
cfi=(27)
cfn=(74)
calls=1 +36 
* 41
fe=(46)
371 2
+3 1
+6 2
+90 7

fn=(146)
192 1
+2 2
+1 1
+15 2

fn=(440)
523 11
+1 2
+4 1
+6 1
-6 1
+6 1
cfi=(24)
cfn=(86)
calls=1 42 
* 3
+3 3
+12 1
-18 1
+42 3
-19 12
+9 6
+1 4
+6 6
+3 2
-2 2
+2 2
-2 2
+2 8
+4 2
-4 2
+4 2
-1 4
+4 4
+1 8
+2 4
+1 4
+17 2
-8 2
+8 2
+2 8
cfi=(29)
cfn=(126)
calls=2 197 
* 26
* 12
cfi=(43)
cfn=(130)
calls=2 132 
* 60
-49 2
+55 2
-55 8
+6 7
+55 2
cfi=(24)
cfn=(86)
calls=1 42 
* 3
+3 2
+3 9

fl=(39)
fn=(120)
25 5
+1 3
+21 1
-20 1
+20 3

fn=(114)
51 110
-25 44
+36 5
-7 5
+7 35
-26 24
+5 27
cfi=(41)
cfn=(118)
calls=9 -9 
* 216
* 9
+1 18
+3 6
+11 12
+1 18
+1 12
-2 6
+1 9
+1 6
-28 24
+4 48
+1 12
-1 30
+24 6
+9 12
-5 6
-2 6
+2 42
-19 6
cfi=(22)
cfn=(62)
calls=3 +14 
* 51
* 6

fl=(11)
fn=(58)
153 15
-81 40
+81 15
-81 10
+10 5
fi=(281) ./elf/./dl-tunable-types.h
+2 5
fe=(11)
+9 40
+1 25
fi=(12) ./elf/./elf/dl-tunables.h
+47 10
fe=(11)
-26 25
+1 5
+1 5
+1 5
+39 15
fi=(12)
-15 10
fe=(11)
-45 10
+3 5
fi=(12)
+51 5
fe=(11)
-51 5
+4 10
+7 10
+1 10
-12 25

fn=(22)
261 8
+22 1
-22 1
128 1
283 1
-22 1
+6 4
42 145
+6 28
-3 28
+3 2072
+4 56
+4 56
fi=(12)
160 28
fe=(11)
56 56
fi=(12)
161 20
-1 88
+1 104
-1 56
fe=(11)
281 4592
+6 8316
fi=(12)
160 280
+1 560
-1 19
+1 76
-1 95
fe=(11)
304 8

fn=(28)
387 38
+3 76
-3 38
+3 304
+9 35
-9 70
+19 23
+7 228
+2 38
-19 15
+1 15
+9 6

fl=(63)
fn=(200)
25 1
+2 7
+4 1

fl=(41)
fn=(118)
32 18
+1 18
+1 18
+1 18
+1 18
+1 18
+1 18
+1 18
+1 18
+1 18
+1 18
+1 18
+1 18
+1 18
+1 18
+1 18
+1 18
+1 18
+1 16
+4 16
+1 16
+1 16
+1 16
+2 16
+4 2
+1 2
+1 2
+1 2
+1 2
+1 2
+1 2
+1 2
+1 2
+1 2
+1 2
+1 2
+1 2
+1 2
+1 2
+1 2
+1 2
+1 2
+1 2
+1 2
+1 2
+1 2
+1 2
+1 2
+52 2
+4 2
+1 2
+1 2
+1 2
+2 2

fl=(77)
fn=(262)
207 66
+1 12
+12 5
+4 20
-4 5
+6 15
+3 5
-1 5
+1 10
+22 25
+4 6
+7 9
fi=(6)
81 14
+6 4
+4 3
+17 1
-11 1
+11 2
+21 2
+5 4
-2 2
fi=(4)
-53 1
fe=(77)
301 2
fi=(4)
79 2
fe=(77)
301 2
fi=(4)
79 4
fe=(77)
301 8
fi=(4)
79 8
fe=(77)
301 9836
fi=(4)
79 1
fe=(77)
301 1
fi=(4)
79 2
fe=(77)
301 202
-80 10
fi=(6)
393 10
fe=(77)
190 5
+31 5
-31 5
fi=(6)
393 15
fi=(5)
49 5
fe=(77)
301 5
fi=(5)
50 5
+30 5
-31 10
+4 5
-3 5
+3 5
-3 5
+3 15
+27 10
-31 5
fe=(77)
301 5
fi=(5)
50 5
+30 5
-31 10
+4 5
-3 5
+3 5
-3 5
+3 15
+27 10
-7 1
-1 1
+11 8
fi=(6)
514 232
+4 232
+3 348
+1 116
fi=(5)
83 348
+2 464
+11 6
fe=(77)
301 30
fi=(5)
51 5
fi=(4)
+28 25
fi=(6)
730 10
+4 6
fe=(77)
304 25
+24 5
+3 10
+17 15
+2 48
-98 10
+3 4
+7 2
-9 2
+9 4
fi=(6)
81 4
fi=(5)
+33 27
+9 17
+1 3
fi=(6)
498 3
fi=(5)
124 3
fi=(6)
498 6
fi=(5)
124 94
fi=(6)
498 94
fi=(5)
124 94
fi=(6)
498 188
+5 194
+1 97
fi=(5)
123 97
fi=(6)
504 97
-5 97
fi=(5)
123 194
+3 27
+3 28
+2 25
fe=(77)
+59 8
fi=(5)
73 4
fe=(77)
190 4
fi=(5)
72 4
fe=(77)
190 36
fi=(5)
-57 8
+1 4
+1 4
-2 4
+2 4
+3 4
-5 4
+2 4
-2 4
+1 8
+2 4
-2 4
+2 12
+2 8
-5 438
+1 219
+1 219
-2 219
+2 219
+3 219
-5 219
+2 219
-2 219
+1 438
+2 219
-2 219
+2 657
+2 438
+9 176
fi=(6)
267 352
+7 352
+4 352
fe=(77)
170 704
fi=(4)
-30 474
fe=(77)
+31 316
+3 316
+8 300
-8 1335
+12 292
-3 146
+1 146
+2 594
-3 5
+1 5
+2 171
+1 151
-1 151
+2 302
-1 604
+3 906
cfi=(78)
cfn=(270)
calls=151 772 
* 88470
+3 151
+1 302
-4 151
+4 755
fi=(6)
+93 626
+3 152
-3 474
+3 170
-3 170
+5 352
+25 1056
423 24
fi=(5)
150 24
fi=(6)
423 290
fi=(5)
150 485
-19 904
+33 16
+1 64
+1 189
+3 94
+4 47
-1 47
-3 47
+2 94
+2 47
-2 94
fe=(77)
-1 188
fi=(6)
287 47
+3 47
-3 47
+4 94
476 94
+2 47
cfi=(15)
cfn=(462) __x86_cpu_features
calls=1 71 
* 6
cob=(2)
cfi=(139) ./string/../sysdeps/x86_64/multiarch/strncase.c
cfn=(432) strncasecmp
calls=1 31 
* 21
cob=(2)
cfi=(138) ./string/../sysdeps/x86_64/multiarch/mempcpy.c
cfn=(428) mempcpy
calls=1 33 
* 22
cob=(2)
cfi=(137) ./wcsmbs/../sysdeps/x86_64/multiarch/wcpcpy.c
cfn=(424) wcpncpy
calls=1 31 
* 18
cob=(2)
cfi=(136) ./string/../sysdeps/x86_64/multiarch/strspn.c
cfn=(422) strspn
calls=1 29 
* 7
cob=(2)
cfi=(134) ./string/../sysdeps/x86_64/multiarch/memchr.c
cfn=(418) memchr
calls=1 29 
* 23
cob=(2)
cfi=(133) ./string/../sysdeps/x86_64/multiarch/memmove.c
cfn=(414) memmove
calls=1 29 
* 22
cob=(2)
cfi=(132) ./string/../sysdeps/x86_64/multiarch/stpcpy.c
cfn=(410) stpcpy
calls=1 33 
* 17
cob=(2)
cfi=(131) ./debug/../sysdeps/x86_64/multiarch/memmove_chk.c
cfn=(406) __memmove_chk
calls=1 29 
* 22
cob=(2)
cfi=(129) ./wcsmbs/../sysdeps/x86_64/multiarch/wmemcmp.c
cfn=(402) wmemcmp
calls=1 29 
* 24
cob=(2)
cfi=(128) ./string/../sysdeps/x86_64/multiarch/strncpy.c
cfn=(398) strncpy
calls=1 29 
* 19
cob=(2)
cfi=(127) ./string/../sysdeps/x86_64/multiarch/strlen.c
cfn=(394) strlen
calls=1 29 
* 25
cob=(2)
cfi=(100) ./wcsmbs/../sysdeps/x86_64/multiarch/wcscat.c
cfn=(390) wcscat
calls=1 31 
* 18
cob=(2)
cfi=(126) ./string/../sysdeps/x86_64/multiarch/strcasecmp_l.c
cfn=(386) strcasecmp_l
calls=1 31 
* 21
cob=(2)
cfi=(125) ./string/../sysdeps/x86_64/multiarch/strcpy.c
cfn=(382) strcpy
calls=1 29 
* 17
cob=(2)
cfi=(123) ./wcsmbs/../sysdeps/x86_64/multiarch/wmemset.c
cfn=(378) wmemset
calls=2 31 
* 20
cob=(2)
cfi=(121) ./string/../sysdeps/x86_64/multiarch/memcmp.c
cfn=(374) bcmp
calls=1 29 
* 24
cob=(2)
cfi=(120) ./string/../sysdeps/x86_64/multiarch/strchrnul.c
cfn=(370) strchrnul
calls=1 31 
* 25
cob=(2)
cfi=(119) ./string/../sysdeps/x86_64/multiarch/strncase_l.c
cfn=(366) strncasecmp_l
calls=1 31 
* 21
cob=(2)
cfi=(117) ./string/../sysdeps/x86_64/multiarch/strcat.c
cfn=(362) strcat
calls=1 29 
* 17
cob=(2)
cfi=(116) ./wcsmbs/../sysdeps/x86_64/multiarch/wcscpy.c
cfn=(360) wcscpy
calls=1 60 
* 16
cob=(2)
cfi=(115) ./string/../sysdeps/x86_64/multiarch/strcspn.c
cfn=(358) strcspn
calls=1 29 
* 7
cob=(2)
cfi=(113) ./string/../sysdeps/x86_64/multiarch/strcasecmp.c
cfn=(354) strcasecmp
calls=1 31 
* 21
cob=(2)
cfi=(112)
cfn=(352)
calls=1 67 
* 21
cob=(2)
cfi=(110) ./wcsmbs/../sysdeps/x86_64/multiarch/wmemchr.c
cfn=(348) wmemchr
calls=2 31 
* 46
cob=(2)
cfi=(108) ./string/../sysdeps/x86_64/multiarch/stpncpy.c
cfn=(344) stpncpy
calls=1 31 
* 19
cob=(2)
cfi=(107) ./wcsmbs/../sysdeps/x86_64/multiarch/wcscmp.c
cfn=(340) wcscmp
calls=1 30 
* 25
cob=(2)
cfi=(106) ./string/../sysdeps/x86_64/multiarch/strrchr.c
cfn=(336) rindex
calls=1 28 
* 25
cob=(2)
cfi=(104) ./debug/../sysdeps/x86_64/multiarch/memset_chk.c
cfn=(332) __memset_chk
calls=1 29 
* 24
cob=(2)
cfi=(103) ./string/../sysdeps/x86_64/multiarch/strchr.c
cfn=(330) index
calls=1 65 
* 19
cob=(2)
cfi=(100)
cfn=(324) wcschr
calls=2 31 
* 50
cob=(2)
cfi=(98) ./string/../sysdeps/x86_64/multiarch/memcmpeq.c
cfn=(320) memcpy@@GLIBC_2.14
calls=1 29 
* 22
cob=(2)
cfi=(96) ./wcsmbs/../sysdeps/x86_64/multiarch/wcsncpy.c
cfn=(316) wcsncpy
calls=1 31 
* 18
cob=(2)
cfi=(95) ./string/../sysdeps/x86_64/multiarch/memrchr.c
cfn=(312) memrchr
calls=1 29 
* 25
cob=(2)
cfi=(94) ./debug/../sysdeps/x86_64/multiarch/memcpy_chk.c
cfn=(308) __memcpy_chk
calls=1 29 
* 22
cob=(2)
cfi=(92) ./debug/../sysdeps/x86_64/multiarch/mempcpy_chk.c
cfn=(304) __mempcpy_chk
calls=1 29 
* 22
cob=(2)
cfi=(91) ./wcsmbs/../sysdeps/x86_64/multiarch/wcslen.c
cfn=(300) wcslen
calls=1 29 
* 19
cob=(2)
cfi=(89) ./string/../sysdeps/x86_64/multiarch/memset.c
cfn=(296) memset
calls=1 29 
* 24
cob=(2)
cfi=(87) ./wcsmbs/../sysdeps/x86_64/multiarch/wcsnlen.c
cfn=(292) wcsnlen
calls=1 30 
* 19
cob=(2)
cfi=(86) ./string/../sysdeps/x86_64/multiarch/strcmp.c
cfn=(290) strcmp
calls=1 79 
* 19
cob=(2)
cfi=(85) ./string/../sysdeps/x86_64/multiarch/strpbrk.c
cfn=(288) strpbrk
calls=1 29 
* 7
cob=(2)
cfi=(83) ./string/../sysdeps/x86_64/multiarch/strnlen.c
cfn=(284) strnlen
calls=2 31 
* 50
cob=(2)
cfi=(81) ./string/../sysdeps/x86/cacheinfo.c
cfn=(280) __x86_cacheinfo
calls=1 86 
* 28
fi=(5)
165 47
fi=(6)
479 47
fi=(5)
165 100
-14 198
fi=(6)
460 12
+5 8
-1 12
+1 8
-1 4
cfi=(29)
cfn=(82)
calls=4 210 
* 46
+2 20
+1 8
-67 57
+2 76
+4 19
+9 19
-9 38
+9 19
fi=(5)
150 38
fi=(6)
320 66
+3 66
-36 90
fi=(5)
141 47
+1 47
-1 141
+2 47
fi=(6)
287 235
fe=(77)
175 70
+3 7
-1 7
+19 7
-18 14
fi=(6)
295 12
+1 18
+11 12
+7 6
cob=(2)
cfi=(104)
cfn=(332)
calls=1 29 
* 24
cob=(2)
cfi=(98)
cfn=(320)
calls=1 29 
* 22
cob=(2)
cfi=(94)
cfn=(308)
calls=1 29 
* 22
cob=(2)
cfi=(86)
cfn=(290)
calls=1 79 
* 19
cob=(2)
cfi=(121)
cfn=(374)
calls=1 29 
* 24
cob=(2)
cfi=(134)
cfn=(418)
calls=1 29 
* 23
* 24
fe=(77)
-13 3
+55 25
+3 5
-3 5
+3 5
+4 10
+1 20
cfi=(140) ./misc/../sysdeps/unix/syscall-template.S
cfn=(436) mprotect
calls=5 117 
* 30
* 10
-63 6
fi=(5)
180 7
fe=(77)
+10 2
fi=(5)
73 1
fe=(77)
190 3
fi=(6)
436 7
fi=(5)
182 2
+1 2
-1 1
+3 1
-3 4
+3 2
-3 10
+1 10
-1 5
+3 5
-3 20
+3 10
+8 6
fi=(6)
+74 12
+7 12
+4 12
fe=(77)
170 24
fi=(4)
-30 18
fe=(77)
+31 12
+3 12
+8 12
-8 54
+12 12
-3 6
+1 6
+2 36
+4 24
-4 6
+4 18
cfi=(78)
cfn=(270)
calls=6 772 
* 3235
+3 6
+1 12
-4 6
+4 30
fi=(6)
+93 20
+3 2
-3 6
+3 2
-3 2
+5 4
+25 36
423 6
fi=(5)
196 18
-16 24
+31 7
fe=(77)
-36 3
+3 7
-3 21

fl=(271)
fn=(1764)
24 40
+4 10
+6 5
-2 5
+3 10
+3 3
+1 3
-1 3
+1 6
+3 12
+1 3
cob=(5)
cfi=(161)
cfn=(1810) 0x000000000000c210
calls=1 -43 
* 830
cob=(4)
cfi=(156)
cfn=(1792) 0x00000000000010d0
calls=1 -43 
* 98
cob=(6)
cfi=(194)
cfn=(1766)
calls=1 -43 
* 98
* 3
cob=(5)
cfi=(161)
cfn=(1824) 0x000000000000e440
calls=1 -43 
* 98
cob=(5)
cfi=(161)
cfn=(1820) 0x000000000000c1d0
calls=1 -43 
* 6
cob=(5)
cfi=(161)
cfn=(1818) 0x000000000000c200
calls=1 -43 
* 21
-1 24
+5 5
+1 10
+1 6
+1 15
-1 3
cob=(3)
cfi=(153)
cfn=(1840) 0x000000000488fce4
calls=1 -49 
* 4
cob=(3)
cfi=(153)
cfn=(1808) 0x000000000483d294
calls=1 -49 
* 4
cob=(3)
cfi=(153)
cfn=(1788) 0x0000000000111330
calls=1 -49 
* 4
+1 12

fl=(67)
fn=(214)
403 20
+2 4
+3 6
+69 3
+5 2
205 2
482 4
+3 6
fi=(69) ./elf/../sysdeps/x86/dl-procinfo.h
39 4
+3 6
cfi=(32)
cfn=(94)
calls=2 +56 
* 50
* 8
fe=(67)
208 12
cfi=(11)
cfn=(28)
calls=2 387 
* 46
* 2
+12 2
-10 2
-2 2
+12 4
-7 10
+9 10
+1 2
-32 4
+36 2
-4 2
+4 4
-5 65
+1 13
-32 26
+36 13
-4 13
+4 26
+4 45
cfn=(222) _dl_cache_libcmp
calls=15 357 
* 1171
+1 30
346 13
+3 8
220 16
347 5
220 14
+2 20
+20 4
+3 4
+2 8
cfn=(222)
calls=2 357 
* 146
* 4
-7 4
-30 6
+1 2
fi=(282) ./elf/../sysdeps/x86/dl-isa-level.h
28 4
fe=(67)
210 4
fi=(282)
28 2
fe=(67)
210 2
+1 2
-1 6
+76 6
fi=(282)
28 6
fe=(67)
259 4
+10 6
+1 8
+16 2
fi=(68) ./elf/../sysdeps/generic/dl-cache.h
125 2
fe=(67)
286 6
+9 4
+3 4
+3 2
+1 6
+28 4
500 4
+12 4
cfi=(22)
cfn=(62)
calls=2 57 
* 70
+1 2
-1 2
+1 24
+1 2
-1 2
+1 2
-1 2
+1 2
cfi=(29)
cfn=(82)
calls=2 210 
* 30
* 2
+1 2
cfi=(44)
cfn=(138)
calls=2 40 
* 198
+1 16
411 4
cfi=(52)
cfn=(216)
calls=1 36 
* 103
* 1
+8 5
+1 8
+3 3
+1 1
-1 3
fi=(68)
194 1
+1 5
fe=(67)
431 1
+1 2

fn=(484)
525 1
+1 4
-1 1
+3 1
-3 1
+3 1
cfi=(140)
cfn=(486) munmap
calls=1 117 
* 6
+7 1
-6 1
+4 1
+2 1

fn=(222)
357 17
+1 17
+32 17
-33 17
+1 38
+2 88
+2 88
-2 176
+20 172
+2 172
-12 71
+2 71
+14 71
+1 71
-29 142
+32 6
-28 4
+6 2
+2 2
-2 2
+1 2
-1 2
+1 2
-1 2
+2 6
+2 2
-3 2
+3 6
+2 4
+9 45

fl=(57)
fn=(182)
47 16
+3 32
-3 96
+6 32
+5 96
+2 64
-7 36

fl=(15)
fn=(34)
37 1
+2 3
+2 1
cfi=(16)
cfn=(36)
calls=1 682 
* 7344

fn=(462)
71 1
-32 3
+32 2

fl=(55)
fn=(178)
30 4
+9 16
+33 4

fl=(48)
fn=(1790)
97 5
+1 20

fn=(152)
29 2
+2 1
-2 5
+1 1
+1 2
+6 6

fn=(482)
41 3
+4 12
+1 3
+1 15

fn=(934) _dl_audit_preinit
118 1
+1 4

fn=(198)
77 3
+1 12

fl=(65)
fn=(210)
28 6
+1 12
cfi=(66) ./io/../sysdeps/unix/sysv/linux/fstatat64.c
cfn=(212) fstatat
calls=3 146 
* 28

fl=(54)
fn=(174)
25 3
+1 12
+1 3

fl=(140)
fn=(486)
117 5
+5 1

fn=(436)
117 25
+5 5

fl=(58)
fn=(184)
33 2
+2 7
-2 4
+7 1
-7 2
+7 1
-7 2
+7 1
-7 1
+7 1
cfi=(11)
cfn=(28)
calls=1 387 
* 24
* 3
+7 1
+2 6

fl=(8)
fn=(14)
25 5
+3 5
-3 5
+3 10
+3 15
+1 10
+2 5
-1 5
+3 15
+1 5
+1 10
+7 5
-5 5
-2 5
+3 10
+2 5
+2 10
+5 5

fl=(44)
fn=(138)
40 24
+1 4
cfi=(22)
cfn=(62)
calls=4 +16 
* 122
* 4
fi=(283) ./string/../include/rtld-malloc.h
+15 8
cfi=(27)
cfn=(78)
calls=4 -20 
* 120
fe=(44)
-12 8
+3 12
+1 12
-1 4
cfi=(29)
cfn=(82)
calls=4 210 
* 60

fl=(66)
fn=(212)
146 6
-55 6
+70 7
+1 1
-2 4
+1 4

fl=(141)
fn=(446) _dlfo_process_initial
474 2
+3 2
-3 6
+1 2
+3 4
+26 14
+1 6
+1 10
-1 20
+3 36
+3 32
-7 10
+27 2
-2 2
+2 6
-18 24
+3 8
-1 8
cfi=(142)
cfn=(444)
calls=4 95 
* 252
+2 16

fn=(448) _dlfo_sort_mappings
536 1
+1 2
+3 4
+4 1
+1 1
-1 1
+1 2
-1 2
+1 2
-1 2
+1 10
+1 30
+3 3
-1 3
-3 18
+8 9
+1 6
-1 3
-13 6
+14 9
+1 6
-15 6
+17 1

fn=(442)
561 2
+3 1
-3 3
+5 2
+13 1
cfn=(446)
calls=1 474 
* 97
+1 1
-1 1
+1 1
fi=(28)
56 1
cfi=(27)
cfn=(78)
calls=1 -20 
* 30
fe=(141)
580 1
fi=(28)
56 1
fe=(141)
582 2
+3 2
+5 1
+1 1
cfn=(446)
calls=1 474 
* 365
+3 3
+10 4
-37 2
cfi=(142)
cfn=(444)
calls=1 95 
* 68
* 1
+29 2
cfn=(448)
calls=1 -60 
* 128
+3 6
+2 1

fl=(24)
fn=(68)
53 3
+3 8
+5 1
-5 1
+5 1
+1 1
-6 1
+8 1

fn=(86)
42 10
+2 20

fn=(256)
68 2
fi=(284) ./elf/../include/list.h
-24 1
fe=(24)
+24 3
fi=(284)
-25 1
fe=(24)
+26 1
+3 1
fi=(284)
-29 1
+1 1
+1 1
+2 1
fe=(24)
+28 4
+1 2
+1 1
+5 2
+5 1
+6 1
-3 1
+3 1
-6 3
+6 1
+12 4
cfi=(11)
cfn=(28)
calls=1 387 
* 24
fi=(75) ./elf/../sysdeps/unix/sysv/linux/rseq-internal.h
-73 3
+8 1
fe=(24)
+81 3
+7 2
+1 3
fi=(75)
-95 7
+3 2
fe=(24)

fl=(50)
fn=(160)
204 30
58 5
204 10
+3 10
+22 5
-1 5
+1 5
58 10
235 15
cfi=(51)
cfn=(162)
calls=5 31 
* 120
* 15
+2 15
cfi=(64)
cfn=(206)
calls=4 61 
* 10395
cfi=(2)
cfn=(164)
calls=1 641 
* 2662
69 5
+1 5
-1 5
+1 5
239 20
-25 5
+34 15
59 10
+11 15

fn=(236)
186 2
58 1
186 4
+2 1
-2 1
58 1
+1 1
+11 1
192 1
+2 1
cfi=(2)
cfn=(238)
calls=1 674 
* 10184
69 2
+1 1
198 1
-1 1
+1 3

fn=(158)
254 6
+2 1
-2 6
+2 1
cfn=(160)
calls=1 -52 
* 2728
+1 2
+1 1
+1 1
-1 1
+1 1
+2 6

fl=(1) ???
fn=(0) 0x000000000001f540
0 2
cfi=(2)
cfn=(2)
calls=1 517 
0 190726
0 8
cfi=(76)
cfn=(492)
calls=1 331 
0 4
0 10
cfi=(155)
cfn=(496)
calls=1 81 
0 17844
0 3
cob=(6)
cfi=(194)
cfn=(914)
calls=1 0 
0 324817006

fl=(43)
fn=(130)
132 51
+1 255
+5 51
+1 51
+3 46
+1 46
244 46
+1 46
+12 46
+3 46
+1 46
+12 46
+1 46
+13 46
+1 46
+2 46
+3 24
+3 48
+3 24
+1 24
+1 24
+1 24
+1 24
+1 24
+1 24
-6 45
+1 45
+1 45
+1 45
+1 45
+1 45
+1 45
+3 46
+1 46
+1 46
+1 46
+5 46
+34 5
+2 5
+1 5
+39 5
+1 5
+2 5

fl=(162) ./elf/../sysdeps/x86_64/dl-trampoline.h
fn=(540) _dl_runtime_resolve_xsave
71 16
+5 16
+3 16
+2 16
+10 16
+6 16
+1 16
+1 16
+1 16
+1 16
+1 16
+1 16
+4 16
+1 16
+3 16
+1 16
+2 16
+1 16
+1 16
+1 16
+1 16
+1 16
+2 16
+7 16
+1 16
+1 16
cfi=(163)
cfn=(542)
calls=16 -84 
* 12322
+1 16
+5 16
+1 16
+1 16
+2 16
+1 16
+1 16
+1 16
+1 16
+1 16
+1 16
+2 16
+2 16
+4 16
+2 16

ob=(3)
fl=(153)
fn=(700) 0x0000000004854840
0 56
cob=(2)
cfi=(187) ./string/../sysdeps/x86_64/multiarch/strcmp-avx2.S
cfn=(706) __strncmp_avx2
calls=28 206 
0 885
cob=(1)
cfi=(162)
cfn=(540)
calls=1 71 
0 760
0 5

fn=(768) 0x0000000004854890
0 4
cob=(2)
cfi=(190) ./stdlib/./stdlib/secure-getenv.c
cfn=(772) secure_getenv
calls=2 28 
0 526
cob=(1)
cfi=(162)
cfn=(540)
calls=1 71 
0 843
0 5

fn=(1076)
0 8
cob=(2)
cfi=(223) ./io/../sysdeps/unix/sysv/linux/close.c
cfn=(1078) close
calls=4 26 
0 32

fn=(1130)
0 21758
cob=(2)
cfi=(175)
cfn=(670)
calls=10879 3699 
0 6429896

fn=(1456) 0x00000000048c7700
0 42
cob=(1)
cfi=(46)
cfn=(1458)
calls=21 626 
0 11340

fn=(1788)
0 4

fn=(624) 0x00000000048c7740
0 70
cob=(2)
cfi=(184) ./string/../sysdeps/x86_64/multiarch/memset-vec-unaligned-erms.S
cfn=(626) __memset_avx2_unaligned_erms
calls=35 158 
0 361890

fn=(964)
0 4
cob=(2)
cfi=(203) ./libio/./libio/iofopen.c
cfn=(966) fopen@@GLIBC_2.2.5
calls=2 85 
0 1102

fn=(1156)
0 4
cob=(2)
cfi=(234) ./string/./string/strdup.c
cfn=(1158) strdup
calls=2 40 
0 351

fn=(1162) 0x00000000048c76f0
0 4
cob=(2)
cfi=(216) ./string/../sysdeps/x86_64/multiarch/memmove-vec-unaligned-erms.S
cfn=(1164) __memcpy_chk_avx_unaligned_erms
calls=2 249 
0 36

fn=(1228)
0 4
cob=(2)
cfi=(238) ./libio/./libio/iofflush.c
cfn=(1230) fflush
calls=2 32 
0 362

fn=(1292)
0 2
cob=(5)
cfi=(161)
cfn=(1294) omp_set_num_threads
calls=1 0 
0 1395

fn=(1772)
0 2
cob=(2)
cfi=(272) ./stdlib/./stdlib/cxa_finalize.c
cfn=(1774) __cxa_finalize
calls=1 30 
0 78

fn=(1840)
0 4

fn=(476) 0x00000000048c7720
0 42
cob=(1)
cfi=(11)
cfn=(28)
calls=21 387 
0 493

fn=(514) 0x00000000048c7660
0 2
cob=(2)
cfi=(159) ./string/../sysdeps/x86_64/multiarch/strrchr-avx2.S
cfn=(516) __strrchr_avx2
calls=1 53 
0 22

fn=(744) 0x00000000048c7500
0 32
cob=(2)
cfi=(189) ./string/../sysdeps/x86_64/multiarch/strlen-avx2.S
cfn=(746) __strlen_avx2
calls=16 52 
0 224

fn=(1104)
0 4
cob=(2)
cfi=(228) ./posix/../sysdeps/unix/sysv/linux/posix_madvise.c
cfn=(1106) posix_madvise
calls=2 24 
0 16

fn=(1304) 0x0000000004854e70
0 4
cob=(2)
cfi=(241) ./nptl/./nptl/pthread_setspecific.c
cfn=(1308) pthread_setspecific@@GLIBC_2.34
calls=2 25 
0 74
cob=(1)
cfi=(162)
cfn=(540)
calls=1 71 
0 966
0 5

fn=(1404) 0x0000000004854c40
0 2
cob=(2)
cfi=(175)
cfn=(1186) realloc
calls=1 3407 
0 71
cob=(1)
cfi=(162)
cfn=(540)
calls=1 71 
0 729
0 5

fn=(666) 0x0000000004854ac0
0 2
cob=(2)
cfi=(175)
cfn=(670)
calls=1 3699 
0 235
cob=(1)
cfi=(162)
cfn=(540)
calls=1 71 
0 679
0 5

fn=(952)
0 2
cob=(2)
cfi=(201) ./posix/./posix/getopt1.c
cfn=(954) getopt_long
calls=1 30 
0 471

fn=(994)
0 2
cob=(2)
cfi=(210) ./libio/./libio/iofread.c
cfn=(996) fread
calls=1 31 
0 588

fn=(1212)
0 80174
cob=(2)
cfi=(175)
cfn=(1048) free
calls=40087 3359 
0 4371318

fn=(1312)
0 2
cob=(5)
cfi=(161)
cfn=(1314) omp_set_schedule
calls=1 0 
0 29

fn=(1442) 0x0000000004854c70
0 42
cob=(2)
cfi=(242) ./nptl/./nptl/pthread_create.c
cfn=(1446) pthread_create@@GLIBC_2.34
calls=21 626 
0 21312
cob=(1)
cfi=(162)
cfn=(540)
calls=1 71 
0 916
0 5

fn=(1752)
0 2
cob=(2)
cfi=(267) ./io/../sysdeps/unix/sysv/linux/unlink.c
cfn=(1754) unlink
calls=1 26 
0 6

fn=(618) 0x0000000004854dd0
0 2
cob=(2)
cfi=(183) ./nptl/./nptl/pthread_getaffinity.c
cfn=(622) pthread_getaffinity_np@@GLIBC_2.32
calls=1 30 
0 40
cob=(1)
cfi=(162)
cfn=(540)
calls=1 71 
0 1254
0 5

fn=(632) 0x0000000004854940
0 2
cob=(2)
cfi=(185) ./posix/./posix/sched_cpucount.c
cfn=(636) __sched_cpucount
calls=1 35 
0 104
cob=(1)
cfi=(162)
cfn=(540)
calls=1 71 
0 796
0 5

fn=(868) 0x0000000004854a30
0 4
cob=(2)
cfi=(193) ./nptl/./nptl/pthread_key_create.c
cfn=(872) pthread_key_create@@GLIBC_2.34
calls=2 25 
0 45
cob=(1)
cfi=(162)
cfn=(540)
calls=1 71 
0 810
0 5

fn=(990) 0x00000000048c7680
0 4
cob=(2)
cfi=(209) ./string/../sysdeps/x86_64/multiarch/strchr-avx2.S
cfn=(992) __strchr_avx2
calls=2 53 
0 42

fn=(1060)
0 2
cob=(2)
cfi=(218) ./misc/./misc/mkstemp.c
cfn=(1062) mkstemp
calls=1 32 
0 333

fn=(1112)
0 117052
cob=(2)
cfi=(229) ./libio/./libio/iofwrite.c
cfn=(1114) fwrite
calls=58526 31 
0 8083238

fn=(1170)
0 58312
cob=(2)
cfi=(170) ./string/../sysdeps/x86_64/multiarch/memchr-avx2.S
cfn=(562) __memchr_avx2
calls=29156 61 
0 555536

fn=(1252)
0 21726
cob=(2)
cfi=(240) ./stdlib/./stdlib/qsort.c
cfn=(1254) qsort
calls=10863 404 
0 4163907

fn=(1276)
0 6
cob=(2)
cfi=(237) ./misc/../sysdeps/unix/syscall-template.S
cfn=(1216) munmap
calls=3 117 
0 18

fn=(1350) 0x0000000004854b50
0 2
cob=(2)
cfi=(175)
cfn=(1354) memalign
calls=1 3543 
0 661
cob=(1)
cfi=(162)
cfn=(540)
calls=1 71 
0 691
0 5

fn=(1546)
0 44
cob=(5)
cfi=(161)
cfn=(1548) omp_get_thread_num
calls=22 0 
0 88

fn=(1610)
0 44
cob=(5)
cfi=(161)
cfn=(1612) GOMP_loop_end
calls=22 0 
0 1997247

fn=(1678)
0 44
cob=(5)
cfi=(161)
cfn=(1680) GOMP_atomic_end
calls=22 0 
0 132

fn=(1808)
0 4

fn=(1830) 0x0000000004854780
0 2
cob=(2)
cfi=(272)
cfn=(1774)
calls=1 30 
0 78

fn=(576) 0x0000000004854b80
0 6
cob=(2)
cfi=(175)
cfn=(580) malloc
calls=3 3294 
0 2441
cob=(1)
cfi=(162)
cfn=(540)
calls=1 71 
0 755
0 5

fn=(922) 0x000000000010a000
0 7

fn=(1136)
0 73586
cob=(2)
cfi=(230) ./libio/./libio/ioftell.c
cfn=(1138) ftell
calls=36793 34 
0 4885993

fn=(1192)
0 3250
cob=(2)
cfi=(184)
cfn=(1194) __memset_chk_avx2_unaligned_erms
calls=1625 152 
0 101700

fn=(1494) 0x00000000048c7590
0 753216
cob=(2)
cfi=(209)
cfn=(1496) __strchrnul_avx2
calls=376608 53 
0 7155552

fn=(500)
0 7

fn=(1740)
0 14
cob=(2)
cfi=(236) ./io/../sysdeps/unix/sysv/linux/write.c
cfn=(1208) write
calls=7 25 
0 399

fn=(828) 0x0000000004854a90
0 2
cob=(2)
cfi=(191) ./nptl/./nptl/pthread_attr_init.c
cfn=(832) pthread_attr_init@@GLIBC_2.2.5
calls=1 32 
0 24
cob=(1)
cfi=(162)
cfn=(540)
calls=1 71 
0 788
0 5

fn=(1066) 0x00000000048c7470
0 2
cob=(2)
cfi=(220) ./string/../sysdeps/x86_64/multiarch/strspn-sse4.c
cfn=(1068) __strspn_sse42
calls=1 63 
0 31

fn=(1090)
0 6
cob=(2)
cfi=(207) ./io/../sysdeps/unix/sysv/linux/open64.c
cfn=(986) open
calls=3 30 
0 108

fn=(1100)
0 6
cob=(2)
cfi=(227) ./misc/../sysdeps/unix/sysv/linux/mmap64.c
cfn=(1102) mmap
calls=3 47 
0 78

fn=(1124) 0x00000000048c7430
0 183062
cob=(2)
cfi=(216)
cfn=(1126) __mempcpy_avx_unaligned_erms
calls=91531 242 
0 1389832

fn=(1184)
0 3270
cob=(2)
cfi=(175)
cfn=(1186)
calls=1635 3407 
0 894455

fn=(1238)
0 10
cob=(2)
cfi=(239) ./libio/./libio/fseek.c
cfn=(1240) fseek
calls=5 32 
0 1541

fn=(1280)
0 4
cob=(5)
cfi=(161)
cfn=(1282) omp_get_max_threads
calls=2 0 
0 18

fn=(1604)
0 2250
cob=(5)
cfi=(161)
cfn=(1606) GOMP_loop_runtime_next
calls=1125 0 
0 80692

fn=(1732)
0 251044
cob=(2)
cfi=(264) ./debug/./debug/snprintf_chk.c
cfn=(1734) __snprintf_chk
calls=125522 27 
0 109060700

fn=(520)
0 7

fn=(932) 0x00000000048c77b0
0 2
cob=(1)
cfi=(48)
cfn=(934)
calls=1 118 
0 5

fn=(950)
0 187184
cob=(2)
cfi=(175)
cfn=(580)
calls=93592 3294 
0 17455948

fn=(1026) 0x00000000048c76b0
0 1057016
cob=(2)
cfi=(216)
cfn=(1028) __memcpy_avx_unaligned_erms
calls=528508 255 
0 8521134

fn=(1032)
0 4
cob=(2)
cfi=(217) ./libio/./libio/iofclose.c
cfn=(1034) fclose@@GLIBC_2.2.5
calls=2 34 
0 1103

fn=(1046) 0x00000000048c73e0
0 26
cob=(2)
cfi=(175)
cfn=(1048)
calls=13 3359 
0 1075

fn=(1094)
0 6
cob=(2)
cfi=(225) ./io/../sysdeps/unix/sysv/linux/fcntl64.c
cfn=(1096) fcntl
calls=3 38 
0 123

fn=(1180)
0 187084
cob=(2)
cfi=(216)
cfn=(1164)
calls=93542 249 
0 2004780

fn=(534) 0x0000000004854d00
0 2
cob=(2)
cfi=(164) ./posix/../sysdeps/unix/sysv/linux/x86/sysconf.c
cfn=(546) sysconf
calls=1 32 
0 467
cob=(1)
cfi=(162)
cfn=(540)
calls=1 71 
0 695
0 5

fn=(1674)
0 44
cob=(5)
cfi=(161)
cfn=(1676) GOMP_atomic_start
calls=22 0 
0 132

fn=(1736) 0x00000000048c7400
0 251044
cob=(2)
cfi=(189)
cfn=(1738) __strnlen_avx2
calls=125522 52 
0 2264896

fn=(1798) 0x000000000483d030
0 2
cob=(2)
cfi=(272)
cfn=(1774)
calls=1 30 
0 78

fn=(1812) 0x0000000004854a70
0 4
cob=(2)
cfi=(275) ./nptl/./nptl/pthread_key_delete.c
cfn=(1816) pthread_key_delete@@GLIBC_2.34
calls=2 25 
0 32
cob=(1)
cfi=(162)
cfn=(540)
calls=1 71 
0 804
0 5

fn=(560) 0x00000000048c7480
0 6
cob=(2)
cfi=(170)
cfn=(562)
calls=3 61 
0 57

fn=(610) 0x0000000004854ca0
0 2
cob=(2)
cfi=(182) ./nptl/./nptl/pthread_self.c
cfn=(614) pthread_self
calls=1 23 
0 3
cob=(1)
cfi=(162)
cfn=(540)
calls=1 71 
0 756
0 5

fn=(738) 0x0000000004854790
0 20
cob=(2)
cfi=(188) ./stdlib/./stdlib/getenv.c
cfn=(742) getenv
calls=10 24 
0 2591
cob=(1)
cfi=(162)
cfn=(540)
calls=1 71 
0 736
0 5

fn=(748) 0x00000000048c7600
0 34
cob=(2)
cfi=(187)
cfn=(706)
calls=17 206 
0 497

fn=(946)
0 10
cob=(2)
cfi=(187)
cfn=(948) __strcmp_avx2
calls=5 206 
0 155

fn=(968) 0x00000000048c73f0
0 20
cob=(2)
cfi=(175)
cfn=(580)
calls=10 3294 
0 420712

fn=(1084)
0 2
cob=(2)
cfi=(224) ./io/../sysdeps/unix/sysv/linux/access.c
cfn=(1086) access
calls=1 25 
0 6

fn=(1092)
0 6
cob=(2)
cfi=(212) ./io/../sysdeps/unix/sysv/linux/fstat64.c
cfn=(1008) fstat
calls=3 30 
0 18

fn=(1316)
0 2
cob=(5)
cfi=(161)
cfn=(1318) GOMP_parallel
calls=1 0 
0 94217083

fn=(1564)
0 44
cob=(5)
cfi=(161)
cfn=(1566) GOMP_loop_runtime_start
calls=22 0 
0 3554

fn=(1600)
0 104752
cob=(2)
cfi=(263) ./string/../sysdeps/x86_64/multiarch/memcmp-avx2-movbe.S
cfn=(1602) __memcmp_avx2_movbe
calls=52376 73 
0 1109005

ob=(2)
fl=(226) ./io/../sysdeps/unix/sysv/linux/fcntl_nocancel.c
fn=(1098) __fcntl64_nocancel_adjusted
51 21
+1 6
+11 12
+1 15

fl=(234)
fn=(1158)
40 12
+1 2
cob=(3)
cfi=(153)
cfn=(744)
calls=2 -41 
* 32
* 2
+1 4
cob=(3)
cfi=(153)
cfn=(968)
calls=2 -42 
* 239
+2 4
fi=(235) ./string/../string/bits/string_fortified.h
-15 6
fe=(234)
+19 8
fi=(235)
-19 2
cob=(3)
cfi=(153)
cfn=(1162)
calls=2 -29 
* 40
fe=(234)

fl=(254) ./stdio-common/./stdio-common/snprintf.c
fn=(1488) snprintf
26 252
+4 21
+1 42
-1 105
+1 21
cfi=(255) ./libio/./libio/vsnprintf.c
cfn=(1490) __vsnprintf_internal
calls=21 +62 
* 10479
+4 105

fl=(192) ./misc/../sysdeps/unix/sysv/linux/getpagesize.c
fn=(834) getpagesize
27 22
+1 88
+2 22

fl=(203)
fn=(966)
85 14
-20 2
+20 4
-20 2
cob=(3)
cfi=(153)
cfn=(968)
calls=2 -65 
* 236
+2 6
+3 2
+2 4
-2 2
+2 10
cfi=(204) ./libio/./libio/genops.c
cfn=(970) _IO_no_init
calls=2 563 
* 112
+1 2
+1 2
-1 2
+1 2
cfi=(205) ./libio/./libio/fileops.c
cfn=(974) _IO_new_file_init_internal
calls=2 +32 
* 204
+1 10
cfi=(205)
cfn=(982) _IO_file_fopen@@GLIBC_2.2.5
calls=2 213 
* 464
* 4
-38 4
+50 14

fl=(230)
fn=(1138)
34 257551
+3 331137
+1 183965
cfi=(231) ./libio/./libio/ioseekoff.c
cfn=(1140) _IO_seekoff_unlocked
calls=36793 -5 
* 3156722
+1 36793
fi=(213) ./libio/./libio/libioP.h
979 73586
fe=(230)
39 73586
fi=(213)
980 294344
fe=(230)
45 73586
+12 183965
fi=(213)
979 110379
fe=(230)
37 110379

fl=(267)
fn=(1754)
26 1
+2 4
+4 1

fl=(131)
fn=(406)
29 1
fi=(93) ./debug/../sysdeps/x86_64/multiarch/ifunc-memmove.h
+28 3
-1 2
+4 3
+14 2
+3 2
+8 2
+8 2
+3 5
fe=(131)

fl=(167) ./misc/../sysdeps/unix/sysv/linux/getsysstats.c
fn=(1656) get_nprocs
215 4
+1 2
-1 2
+1 2
cfn=(554) read_sysfs_file
calls=2 -77 
* 818
+1 4
+5 4

fn=(552) get_nprocs_conf
230 2
+1 1
-1 1
+1 1
cfn=(554)
calls=1 -92 
* 409
+1 2
+5 2

fn=(554)
139 3
+9 3
-9 33
+9 3
cfi=(168) ./io/../sysdeps/unix/sysv/linux/open64_nocancel.c
cfn=(556) __open_nocancel
calls=3 28 
* 81
* 3
+3 6
+39 36
72 15
cfi=(169) ./io/../sysdeps/unix/sysv/linux/read_nocancel.c
cfn=(558) __read_nocancel
calls=3 -47 
* 18
* 3
+1 6
+5 6
-2 3
+2 6
cob=(3)
cfi=(153)
cfn=(560)
calls=3 -78 
* 63
+1 6
fi=(173) ./misc/../sysdeps/unix/sysv/linux/not-cancel.h
-4 6
cfi=(174) ./io/../sysdeps/unix/sysv/linux/close_nocancel.c
cfn=(570) __close_nocancel
calls=3 -50 
* 18
+1 3
fe=(167)
+29 6
+45 9
+28 9
+3 9
-1 3
+1 6
+3 6
-26 12
cfi=(171) ./stdlib/../stdlib/strtol.c
cfn=(564) __isoc23_strtoul
calls=3 -33 
* 369
+1 3
-1 3
+1 6
+7 6
+2 3
+1 12
cfi=(171)
cfn=(564)
calls=3 -44 
* 417
+1 9
+7 9
-75 3
+1 6

fl=(91)
fn=(300)
29 1
fi=(88) ./wcsmbs/../sysdeps/x86_64/multiarch/ifunc-wcslen.h
+12 2
-1 4
+2 3
+3 2
+4 3
+3 3
fe=(91)
-23 1

fl=(119)
fn=(366)
31 1
fi=(114) ./string/../sysdeps/x86_64/multiarch/ifunc-strcasecmp.h
+6 2
-1 4
fe=(119)
-5 2
fi=(114)
+7 3
+3 2
+4 3
+3 4
fe=(119)

fl=(261) ./stdio-common/./stdio-common/Xprintf_buffer_done.c
fn=(1506) __printf_buffer_done
25 125543
+1 376629
+5 251086
+2 1506516
+7 125543

fl=(112)
fn=(352)
67 2
-23 4
-1 8
+24 4
-22 6
+3 4
+4 6
+3 8

fl=(206) ./nptl/./nptl/libc-cleanup.c
fn=(978) __libc_cleanup_push_defer
24 6
+1 6
+2 12
+2 12
+3 12
+14 18
+2 6
+1 6

fn=(980) __libc_cleanup_pop_restore
54 6
+1 6
+2 12
+2 6
+1 18
+11 6

fl=(121)
fn=(374)
29 2
fi=(122) ./string/../sysdeps/x86_64/multiarch/ifunc-memcmp.h
+5 10
+1 4
+1 4
+1 6
+3 4
+4 6
+3 8
fe=(121)
-18 4

fl=(233) ./misc/../sysdeps/unix/sysv/linux/setvmaname.c
fn=(1154) __set_vma_name
33 350
+2 250
+14 453
-9 4
cob=(3)
cfi=(153)
cfn=(476)
calls=1 -40 
* 26
* 3
+7 1
+1 1

fl=(214) ./io/../sysdeps/unix/sysv/linux/read.c
fn=(1022) read
25 1
+1 6
+1 1

fl=(179) ./misc/./misc/sbrk.c
fn=(596) sbrk
37 272
+3 34
+3 34
-3 34
+3 34
+35 7
-20 68
+4 68
+4 132
+8 33
cfi=(180) ./misc/../sysdeps/unix/sysv/linux/brk.c
cfn=(598) brk
calls=33 -38 
* 297
* 66
+4 231
-19 2
cfi=(180)
cfn=(598)
calls=1 -23 
* 9
* 2
+4 2

fl=(227)
fn=(1102)
47 53
+3 106
-3 318
+6 106
+5 318
+2 212
-7 220

fl=(219) ./stdio-common/../sysdeps/posix/tempname.c
fn=(1074) try_file
176 1
+4 1
-2 2
+2 1
-2 2
cfi=(207)
cfn=(986)
calls=1 30 
* 38

fn=(1064) __gen_tempname
334 2
230 1
334 13
230 3
+15 1
+23 2
-38 1
+38 1
-23 1
+33 1
-10 1
+10 3
+7 1
cob=(3)
cfi=(153)
cfn=(744)
calls=1 0 
* 16
+1 3
+1 8
cob=(3)
cfi=(153)
cfn=(1066)
calls=1 0 
* 33
* 4
-16 5
93 6
298 2
+14 6
+2 5
-2 5
-14 5
+14 25
+1 5
-1 25
+1 5
-1 5
-14 10
+14 1
-14 1
+14 5
+1 1
-1 5
+1 1
-1 1
-14 2
+2 12
85 3
+5 3
cfi=(222) ./time/../sysdeps/unix/sysv/linux/clock_gettime.c
cfn=(1072) clock_gettime@@GLIBC_2.17
calls=1 -60 
* 11
+1 1
+2 4
304 1
+3 2
-2 1
+2 2
+10 6
cfn=(1074)
calls=1 176 
* 45
+1 2
+2 3
+16 11

fl=(170)
fn=(562)
61 29159
+7 29159
+2 29159
+3 29159
+1 29159
+2 29159
+1 29159
+1 29159
+1 29159
+3 28948
+1 28948
+3 28948
+1 28948
+2 28942
+1 28942
+1 28942
+1 28942
+2 57884
+7 6
+5 6
+7 6
+1 6
+1 6
+1 6
+5 47
+1 47
+1 47
+1 94
+37 47
+1 47
+1 47
+2 47
+10 47
+1 47
+3 47
+1 47
+2 47
+1 47
412 211
+3 211
+1 211
+1 211
+3 211
+1 211
+7 211
+3 211
+1 211
+2 211
+1 211
+1 164
+1 164
+1 328

fl=(184)
fn=(1194)
152 1625
+1 1625
+1 8125
+4 1625
+1 3250
+5 1625
+1 1625
+1 1625
+1 1625
+1 1625
+2 1092
+1 1092
+1 2184
+9 396
+1 396
+2 792
+53 533
+1 533
+6 532
+1 532
+12 532
+3 532
+1 532
+12 136
+1 136
+13 136
+1 136
+2 136
+3 23
+3 23
+3 23
+1 23
+1 23
+1 23
+1 23
+1 23
+1 23
-6 54
+1 54
+1 54
+1 54
+1 54
+1 54
+1 77
+3 23
+1 23
+1 23
+1 23
+3 46
-6 113
+1 113
+1 113
+1 113
+3 226
+11 1
+1 1
+1 1
+1 65537
+1 1
+1 2

fn=(626)
158 35
+1 70
+5 35
+1 35
+1 34
+1 34
+1 34
+13 5
+1 5
+2 10
+53 34
+1 34
+6 29
+1 29
+12 29
+3 29
+1 29
+12 24
+1 24
+13 24
+1 24
+2 24
+3 23
+3 23
+3 23
+1 23
+1 23
+1 23
+1 23
+1 23
+1 46
+3 23
+1 23
+1 23
+1 23
+3 46
-6 1
+1 1
+1 1
+1 1
+3 2
+11 5
+1 5
+1 5
+1 360845
+1 5
+1 10
+7 1
+9 1
+1 1
+5 1
+1 1
+1 1
+1 1
+1 1
+1 1
+1 1
+3 1

fl=(81)
fn=(280)
86 1
fi=(82) ./string/../sysdeps/x86/cacheinfo.h
-27 1
+3 3
+2 1
+1 1
-1 2
+7 3
+2 1
+1 1
-1 2
+5 2
+2 2
+1 2
+1 2
+2 2
+2 2
fe=(81)

fl=(103)
fn=(330)
65 1
-22 2
+1 1
-2 4
+2 2
+3 2
+4 3
+3 3
+11 1

fl=(250) ./misc/../sysdeps/unix/sysv/linux/clone-internal.c
fn=(1472) __clone_internal
97 252
+2 42
-19 63
+2 4
cfi=(251) ./misc/../sysdeps/unix/sysv/linux/x86_64/clone3.S
cfn=(1474) clone3
calls=1 -40 
* 16
+1 4
+3 1
+20 1
-42 1
-11 1
+11 1
-2 1
-9 1
+11 2
-2 1
+2 4
cfi=(252) ./misc/../sysdeps/unix/sysv/linux/x86_64/clone.S
cfn=(1476) clone
calls=1 -12 
* 19
+42 20
-42 20
-11 20
+11 20
-2 20
-9 20
+11 40
-2 20
+2 80
cfi=(252)
cfn=(1476)
calls=20 -12 
* 380
+45 42
+1 168

fl=(232) ./io/../sysdeps/unix/sysv/linux/lseek64.c
fn=(1146) lseek
28 25930
+12 103720
+2 25930

fl=(189)
fn=(1738)
52 125522
+7 125522
+2 125522
+2 125522
+2 125522
+1 125522
+1 125522
+3 125522
+2 125522
+1 125522
+3 124630
+1 124630
+3 124630
+1 124630
+26 124630
+1 124630
+5 249260
228 80
+1 80
+7 80
+3 80
+1 80
347 80
+3 80
+1 80
+5 80
+1 80
+1 80
+2 80
+1 80
+58 80
+1 160
+91 892
+1 892
+1 892
+3 892
+2 892
+1 892
+1 892
+1 892
+6 892
+1 892
+1 812
+11 1624

fn=(746)
52 16
+13 16
+1 16
+1 16
+3 16
+2 16
+1 16
+3 16
+1 16
+8 16
+1 16
+1 16
+5 32

fl=(256) ./stdio-common/./stdio-common/vfprintf-internal.c
fn=(1492) __printf_buffer
600 1506516
fi=(285) ./stdio-common/./stdio-common/printf-parse.h
82 125543
fe=(256)
600 251086
fi=(285)
82 125543
fe=(256)
600 125543
+27 376629
+11 125543
-11 125543
+11 125543
-11 125543
+11 251086
fi=(285)
82 125543
cob=(3)
cfi=(153)
cfn=(1494)
calls=125543 -82 
* 2636403
fe=(256)
653 251086
+1 125543
fi=(285)
82 251086
fe=(256)
654 125543
-1 125543
cfi=(257) ./stdio-common/./stdio-common/Xprintf_buffer_write.c
cfn=(1498) __printf_buffer_write
calls=125543 27 
* 2385989
+2 376629
+4 251086
+4 1004344
-32 125543
973 125543
642 125543
973 251086
634 125543
+71 1004260
1044 1380973
705 502130
-13 251065
+7 251065
+6 502130
-14 251065
-4 251065
+18 251065
-10 251065
+10 251065
-7 251065
-4 251065
+11 502130
-19 251065
-1 251065
+20 251065
-12 251065
-9 251065
-1 251065
+22 251065
-15 502130
888 125522
+5 1129698
-1 125522
+1 878654
-2 251044
1024 251065
fi=(285)
82 251065
fe=(256)
1018 251065
fi=(285)
82 502130
cob=(3)
cfi=(153)
cfn=(1494)
calls=251065 -82 
* 5272365
fe=(256)
1028 502130
+1 251065
fi=(285)
82 251065
fe=(256)
1029 251065
-1 251065
cfi=(257)
cfn=(1498)
calls=251065 27 
* 14058863
+3 878696
fi=(258) ./stdio-common/./stdio-common/vfprintf-process-arg.c
501 502088
cfi=(257)
cfn=(1498)
calls=125522 27 
* 7066965
+1 125522
-11 125522
-88 502088
+19 251044
-14 251044
+47 376566
fe=(256)
709 125522
814 125522
-1 125522
+1 251044
+41 1631786
fi=(258)
422 502088
+8 251044
+3 376566
cob=(3)
cfi=(153)
cfn=(1736)
calls=125522 0 
* 2515940
* 251044
fe=(256)
784 125543
fi=(258)
126 251086
+1 878654
+74 125522
92 125522
+1 125522
+1 125522
201 251044
-65 251044
+65 21
92 21
+1 21
+1 21
201 42
-65 42
+19 1632059
cfi=(259) ./stdio-common/./stdio-common/_itoa.c
cfn=(1502) _itoa_word
calls=125543 +14 
* 13245175
+11 251086
-11 251086
+11 502172
-5 1004344
+25 627715
+15 251086
-4 376629
+2 376629
+2 251086
+7 125543
-2 251086
+2 376629
+3 251086
+13 251086
fi=(260) ./stdio-common/../include/printf_buffer.h
-61 251086
fi=(258)
+70 251086
+3 251086
128 42
+8 125543
+2 251086
308 125522
fe=(256)
883 251065
fi=(258)
66 125543
+1 125543
+94 125543
+9 251086
+17 125543
+8 125543
-8 125543
+12 125543
-12 125543
+8 502172
-8 753258
+53 502172
cfi=(257)
cfn=(1498)
calls=125543 27 
* 6905047
* 125543
130 42
+1 168
fi=(260)
+32 251086
fi=(258)
403 502088
fe=(256)
819 125522
-1 125522
+1 376566
+15 376566
+3 251044
+18 125522
-37 125522
+19 502088
-3 502088

fl=(85)
fn=(288)
29 1
fi=(286) ./string/../sysdeps/x86_64/multiarch/ifunc-sse4_2.h
+7 5
fe=(85)
-7 1

fl=(228)
fn=(1106)
24 2
+8 2
-1 4
+3 4
+1 2
+1 2

fl=(255)
fn=(1490)
93 627715
fi=(287) ./libio/../include/printf_buffer.h
+31 125543
fe=(255)
-31 251086
fi=(287)
+31 125543
fe=(255)
-31 753258
fi=(287)
+44 125543
-13 125543
+13 125543
-10 125543
+1 125543
fe=(255)
-65 251086
+3 125543
+30 376629
cfi=(256)
cfn=(1492)
calls=125543 600 
* 98024046
-21 376629
+1 125543
+11 251086
cfi=(261)
cfn=(1506)
calls=125543 -62 
* 2385317
+11 753258

fl=(104)
fn=(332)
29 2
fi=(105) ./debug/../sysdeps/x86_64/multiarch/ifunc-memset.h
+25 10
+3 6
+7 4
+9 4
+2 4
+10 4
+8 4
+3 10
fe=(104)

fl=(132)
fn=(410)
33 1
fi=(118) ./string/../sysdeps/x86_64/multiarch/ifunc-strcpy.h
+5 2
+1 1
-1 2
+1 2
+3 2
+4 3
+3 3
fe=(132)
-16 1

fl=(248) ./nptl/./nptl/nptl-stack.c
fn=(1464) __nptl_stack_list_add
43 21
+1 84
fi=(288) ./nptl/../include/list.h
-1 105
+2 21
+2 21
fe=(248)
+5 21
+1 21

fl=(123)
fn=(378)
31 2
fi=(124) ./wcsmbs/../sysdeps/x86_64/multiarch/ifunc-wmemset.h
+5 10
+1 6
fe=(123)
-6 2

fl=(120)
fn=(370)
31 1
fi=(84) ./string/../sysdeps/x86_64/multiarch/ifunc-avx2.h
+9 3
-2 4
fe=(120)
-7 2
fi=(84)
+10 2
+1 3
+3 2
+4 3
+3 5
fe=(120)

fl=(89)
fn=(296)
29 1
fi=(90) ./string/../sysdeps/x86_64/multiarch/ifunc-memset.h
+25 5
+3 3
+7 2
+9 2
+2 2
+10 2
+8 2
+3 5
fe=(89)

fl=(240)
fn=(1254)
404 10863
+1 21726
cfn=(1256) qsort_r
calls=10863 -61 
* 4131318

fn=(1256)
344 130356
+1 40462
+9 4684
-1 9368
-3 4684
+7 9368
-1 9368
132 4684
385 4684
140 4684
-8 28104
385 18736
201 4684
cfn=(1258) msort_with_tmp.part.0
calls=4684 -5 
* 3279889
396 9368
+1 8
cob=(3)
cfi=(153)
cfn=(1046)
calls=4 0 
* 640
+1 119493
135 4684
-1 9368
+6 4682
-4 9364
360 20
+1 4
cob=(3)
cfi=(153)
cfn=(968)
calls=4 0 
* 419900
+1 4
-1 4
+1 4
+1 4
-1 4
+1 12

fn=(1258)
196 32788
+8 4684
-8 4684
+8 4684
+1 9368
-9 4684
+11 4684
-11 9368
+11 4684
-11 4684
+11 4684
-6 12688
cfn=(1259) msort_with_tmp.part.0'2
calls=1660 -5 
* 1027209
* 22203
cfn=(1259)
calls=2567 -5 
* 1217704
+11 5134
+1 5134
+1 5134
+1 2567
+1 2567
-1 2567
+1 19628
-10 4682
+67 9364
+10 14546
+2 7273
-2 7273
cob=(3)
cfi=(153)
cfn=(1124)
calls=7273 0 
* 109095
* 7273
+1 14546
-11 37266
+2 69060
cob=(6)
cfi=(194)
cfn=(1260)
calls=13812 0 
* 124308
+2 13812
-2 27624
+2 13078
+2 6539
-2 6539
cob=(3)
cfi=(153)
cfn=(1124)
calls=6539 0 
* 98085
* 6539
+1 13078
-5 13078
+20 4682
-2 11594
+1 2230
fi=(289) ./stdlib/../string/bits/string_fortified.h
29 4460
fe=(240)
292 2230
fi=(289)
29 2230
cob=(3)
cfi=(153)
cfn=(1026)
calls=2230 -29 
* 29315
fe=(240)
293 9368
fi=(289)
29 4684
fe=(240)
293 4684
fi=(289)
29 9368
fe=(240)
294 32788
fi=(289)
29 4684
cob=(3)
cfi=(153)
cfn=(1026)
calls=4684 -29 
* 80452
fe=(240)
205 4
+16 10
cob=(6)
cfi=(194)
cfn=(1270)
calls=2 0 
* 18
* 7945
cob=(6)
cfi=(194)
cfn=(1270)
calls=1589 0 
* 14301
* 3182
+2 1591
+10 1591
-9 1591
+1 1591
-6 3182
+74 4
-81 2117
+1 2117
-1 2117
+1 2117
+1 4234
+1 2117
+1 2117
-1 2117
+1 8468

fn=(1259)
196 94913
+8 13559
-8 13559
+8 13559
+1 27118
-9 13559
+11 13559
-11 27118
+11 13559
-11 13559
+11 13559
-6 33862
cfn=(1259)
calls=3372 -5 
* 2233588
* 56918
cfn=(1259)
calls=5960 -5 
* 2718312
+11 11920
+1 11920
+1 11920
+1 5960
+1 5960
-1 5960
+1 40806
-10 10381
+67 20762
+10 18632
+2 9316
-2 9316
cob=(3)
cfi=(153)
cfn=(1124)
calls=9316 0 
* 139740
* 9316
+1 18632
-11 44734
+2 95815
cob=(6)
cfi=(194)
cfn=(1260)
calls=19163 0 
* 172467
+2 19163
-2 38326
+2 19694
+2 9847
-2 9847
cob=(3)
cfi=(153)
cfn=(1124)
calls=9847 0 
* 147705
* 9847
+1 19694
-5 19694
+20 10381
-2 25031
+1 4269
fi=(289)
29 8538
fe=(240)
292 4269
fi=(289)
29 4269
cob=(3)
cfi=(153)
cfn=(1026)
calls=4269 -29 
* 55932
fe=(240)
293 27118
fi=(289)
29 13559
fe=(240)
293 13559
fi=(289)
29 27118
fe=(240)
294 94913
fi=(289)
29 13559
cob=(3)
cfi=(153)
cfn=(1026)
calls=13559 -29 
* 208476
fe=(240)
219 2560
-14 3840
+16 6400
cob=(6)
cfi=(194)
cfn=(1270)
calls=1280 0 
* 11520
-16 3796
+16 9490
cob=(6)
cfi=(194)
cfn=(1270)
calls=1898 0 
* 17082
* 60330
cob=(6)
cfi=(194)
cfn=(1270)
calls=12066 0 
* 108594
* 30488
+2 15244
+10 15244
-9 15244
+1 15244
-6 30488
+74 6356
-81 7599
+1 7599
-1 7599
+1 7599
+1 15198
+1 7599
+1 7599
-1 7599
+1 27836

fl=(268) ./stdlib/./stdlib/exit.c
fn=(1756) exit
137 2
+1 3
-1 1
+1 1
cfn=(1758) __run_exit_handlers
calls=1 38 
* 2596

fn=(1758)
38 12
+2 2
+3 5
+11 2
+2 2
+38 2
-30 6
+2 1
+1 1
-1 1
+3 7
+44 3
+13 1
-66 1
+66 3
+2 2
+3 2
cfi=(276) ./posix/../sysdeps/unix/sysv/linux/_exit.c
cfn=(1848) _Exit
calls=1 27 
* 4
-29 1
+1 1
-2 1
+3 1
+3 1
-3 2
+3 3
+1 3
cob=(1)
cfi=(270)
cfn=(1762)
calls=1 -82 
* 2104
+1 4
+10 3
+1 2
-79 1
cfi=(269) ./stdlib/./stdlib/cxa_thread_atexit_impl.c
cfn=(1760) __call_tls_dtors
calls=1 148 
* 13
* 1
+88 1
cfi=(204)
cfn=(1842) _IO_cleanup
calls=1 842 
* 396
* 1

fl=(224)
fn=(1086)
25 1
+2 4
+4 1

fl=(195)
fn=(916)
242 13
+69 3
+1 3
cfi=(196) ./stdlib/./stdlib/cxa_atexit.c
cfn=(918) __cxa_atexit
calls=1 67 
* 72
+25 6
+6 2
-3 2
+10 2
cob=(3)
cfi=(153)
cfn=(932)
calls=1 0 
* 7
+2 2
+8 4
cfi=(197) ./csu/../sysdeps/nptl/libc_start_call_main.h
cfn=(936) (below main)
calls=1 29 
* 324816824
128 2
+6 3
+1 6
cob=(3)
cfi=(153)
cfn=(922)
calls=1 0 
* 7
* 1
+3 1
+1 2
+3 2
+1 2
-1 1
+2 7
+1 4
cob=(6)
cfi=(194)
cfn=(926)
calls=1 0 
* 12
-1 4

fl=(106)
fn=(336)
28 1
fi=(84)
+12 3
-2 4
fe=(106)
-10 2
fi=(84)
+13 2
+1 3
+3 2
+4 3
+3 5
fe=(106)

fl=(133)
fn=(414)
29 1
fi=(99) ./string/../sysdeps/x86_64/multiarch/ifunc-memmove.h
+28 3
-1 2
+4 3
+14 2
+3 2
+8 2
+8 2
+3 5
fe=(133)

fl=(171)
fn=(564)
125 6
+1 30
cfi=(172) ./stdlib/../stdlib/strtol_l.c
cfn=(566) ____strtoul_l_internal
calls=6 238 
* 750

fl=(239)
fn=(1240)
32 55
+3 45
+1 25
cfi=(231)
cfn=(1140)
calls=5 -3 
* 1296
* 20
fi=(213)
979 10
+1 40
fe=(239)
39 35
-4 15

fl=(276)
fn=(1848)
27 2
+3 2

fl=(83)
fn=(284)
31 2
fi=(84)
+9 6
-2 8
fe=(83)
-7 4
fi=(84)
+10 4
+1 6
+3 4
+4 6
+3 10
fe=(83)

fl=(178) ./malloc/./malloc/morecore.c
fn=(594) __glibc_morecore
25 34
+1 68
-1 68
+4 34
cfi=(179)
cfn=(596)
calls=34 +8 
* 1325
+1 68
+4 68

fl=(242)
fn=(1446)
626 336
+6 42
+13 84
-2 21
-2 21
fi=(245) ./nptl/./nptl/allocatestack.c
219 21
cfi=(192)
cfn=(834)
calls=21 27 
* 126
fi=(244) ./nptl/./nptl-stack.h
61 21
fi=(245)
219 42
fi=(244)
61 21
fi=(245)
219 21
fi=(244)
61 147
fi=(245)
223 21
fi=(244)
61 21
fi=(245)
223 42
+5 63
329 42
+4 42
-4 21
+4 21
+10 126
+4 42
fe=(242)
897 42
+4 273
fi=(245)
347 84
+5 63
+1 21
-2 42
66 84
329 21
74 21
329 42
-1 42
74 63
477 63
+29 105
+26 21
fe=(242)
755 21
fi=(245)
547 21
fe=(242)
674 21
fi=(245)
558 21
-11 21
+11 21
+5 21
-26 21
+21 21
-11 21
fe=(242)
677 21
+12 21
fi=(245)
558 21
fe=(242)
683 21
fi=(245)
542 21
+21 21
fe=(242)
+81 21
fi=(245)
-97 21
fe=(242)
689 21
-6 21
+1 21
+1 21
+4 21
-5 21
fi=(245)
545 21
fe=(242)
688 21
+2 63
+4 21
+1 21
+8 21
-8 63
+5 42
+3 21
-3 21
-11 21
+11 21
+3 42
+5 21
+1 21
-1 21
+1 21
+4 42
+5 42
fi=(290) ./nptl/../sysdeps/x86/nptl/tls-setup.h
22 42
fe=(242)
730 42
+21 42
+4 42
+2 21
+10 21
fi=(253) ./nptl/../sysdeps/unix/sysv/linux/internal-signals.h
81 105
fe=(242)
772 42
fi=(253)
81 42
fe=(242)
780 63
fi=(249) ./nptl/../sysdeps/unix/sysv/linux/internal-sigset.h
34 21
fe=(242)
609 84
836 126
cfn=(1470) create_thread
calls=21 236 
* 2482
fi=(253)
89 63
fe=(242)
836 21
fi=(253)
89 63
fe=(242)
843 42
+40 42
+10 42
83 2
-2 1
+2 1
fi=(291) ./nptl/../sysdeps/unix/sysv/linux/sigsetops.h
-29 1
fe=(242)
+27 1
+1 1
+1 1
cfi=(243) ./signal/../sysdeps/unix/sysv/linux/libc_sigaction.c
cfn=(1448) __libc_sigaction
calls=1 -40 
* 52
+7 2
fi=(291)
+14 1
fe=(242)
-14 1
fi=(291)
+14 1
fe=(242)
-14 3
638 1
-3 1
+3 23
fi=(245)
232 63
+1 21
+1 84
+4 42
fe=(242)
791 42
fi=(249)
102 21
+1 21
fi=(245)
-4 84
366 231
cfi=(227)
cfn=(1102)
calls=21 47 
* 546
+3 63
-3 21
+3 21
+5 84
+6 42
+5 42
+1 21
+9 42
170 42
-4 63
+4 21
cfi=(237)
cfn=(1454) mprotect
calls=21 -53 
* 126
* 84
407 21
+1 21
+21 21
-18 21
-4 21
+9 42
+3 21
+7 21
-18 21
+3 21
+18 21
cob=(3)
cfi=(153)
cfn=(1456)
calls=21 0 
* 11382
* 84
fe=(242)
663 1
+89 1
cfi=(204)
cfn=(1466) _IO_enable_locks
calls=1 518 
* 22
* 2
fi=(245)
442 84
+3 147
cfi=(248)
cfn=(1464)
calls=21 43 
* 294
+2 126
+7 105
-88 42
fe=(242)

fn=(1470)
236 252
+4 105
+4 42
+3 42
+1 42
+42 21
-3 21
+10 21
-10 21
+10 42
-10 189
+10 21
cfi=(250)
cfn=(1472)
calls=21 97 
* 1264
+1 42
+5 21
+6 42
+12 42
+11 21
+1 231

fn=(1484) start_thread
338 231
+7 42
+22 84
+3 21
cfi=(149) ./ctype/./ctype/ctype-info.c
cfn=(468) __ctype_init
calls=21 29 
* 357
+3 63
cfi=(245)
cfn=(1486) name_stack_maps
calls=21 587 
* 12306
+4 21
fi=(262) ./nptl/../sysdeps/unix/sysv/linux/rseq-internal.h
32 42
+8 21
fe=(242)
388 105
+17 42
cfi=(198) ./setjmp/../sysdeps/x86_64/bsd-_setjmp.S
cfn=(938) _setjmp
calls=21 28 
* 798
* 21
+14 21
-14 21
+18 21
-4 21
+4 105
+3 42
+3 42
+2 21
fi=(253)
89 84
fe=(242)
431 21
fi=(253)
89 21
fe=(242)
433 21
+4 42
+10 63
cob=(5)
cfi=(161)
cfn=(1510) 0x0000000000022640
calls=21 0 
* 1949191503

fl=(197)
fn=(936)
29 4
+15 1
-15 5
+15 1
cfi=(198)
cfn=(938)
calls=1 -16 
* 38
* 1
+2 2
+5 2
+1 2
+3 2
+3 6
cob=(6)
cfi=(194)
cfn=(944)
calls=1 -58 
* 324814155
+16 2
cfi=(268)
cfn=(1756)
calls=1 +63 
* 2603

fl=(218)
fn=(1062)
32 1
+1 4
cfi=(219)
cfn=(1064)
calls=1 334 
* 328

fl=(243)
fn=(1448)
43 8
+5 2
+2 1
fi=(292) ./signal/../string/bits/string_fortified.h
-21 1
fe=(243)
+29 1
fi=(292)
-29 2
fe=(243)
+21 1
+3 1
fi=(292)
-24 3
fe=(243)
+24 1
fi=(292)
-24 3
fe=(243)
+24 2
fi=(292)
-24 1
fe=(243)
+29 1
-5 1
+5 3
fi=(292)
-29 6
fe=(243)
+29 6
+5 2
+8 6

fl=(269)
fn=(1760)
148 4
+1 1
-1 1
+1 3
+16 4

fl=(180)
fn=(598)
36 34
fi=(293) ./misc/../sysdeps/unix/sysv/linux/brk_call.h
-12 68
fe=(180)
+13 68
+1 68
+6 34
+1 34

fl=(257)
fn=(1498)
27 627673
+1 1883019
-1 4393711
+4 2259606
+2 1004260
+3 502130
fi=(294) ./stdio-common/../string/bits/string_fortified.h
-7 502130
fe=(257)
+8 1004260
fi=(294)
-8 502130
fe=(257)
+12 502130
fi=(294)
-12 502130
cob=(3)
cfi=(153)
cfn=(1026)
calls=502130 -29 
* 8950607
fe=(257)
+11 1506390
-9 1004260
+2 1506390
+11 3766038

fl=(172)
fn=(566)
238 30
+54 6
-54 6
+19 6
-19 24
+14 6
-14 18
+26 12
+31 24
+9 36
+2 12
+5 12
-1 6
+6 12
+4 12
+15 6
+10 24
-87 6
390 18
+1 18
+4 6
+56 30
+26 6
+1 6
-84 6
-1 6
+96 12
-5 18
+5 9
+1 27
-41 18
+2 36
+2 45
+7 12
+17 12
+4 27
+3 18
+11 12
+5 18
+1 6
+12 12
+11 30
+22 54
327 6
+15 12
-20 6
+5 6

fl=(202) ./posix/./posix/getopt.c
fn=(956) _getopt_internal
706 5
+4 1
-1 2
+3 1
-3 1
+3 3
-3 2
+3 1
cfn=(958) _getopt_internal_r
calls=1 474 
* 435
+4 1
+1 1
-1 1
+1 1
+4 1
-4 1
+1 3
+3 2

fn=(958)
474 12
+1 1
+2 2
+5 1
-2 4
+2 5
-91 1
+1 1
-1 2
+4 3
+5 2
+5 4
+5 1
+77 1
+1 3
+5 2
700 9
499 3
+2 3
+3 3
+24 2
+21 4
+1 1
-72 2
+31 3
+9 4
+1 2
-1 2
+1 2
-1 12
+2 2
405 4
cfi=(188)
cfn=(742)
calls=1 24 
* 323
* 4
512 2
408 1
+85 2

fl=(187)
fn=(706)
206 45
+24 45
+5 45
+14 45
+25 45
+1 45
+1 45
+2 45
+1 45
+4 44
+4 44
+2 44
+2 44
+3 44
+2 44
+1 44
+11 44
+10 44
+1 44
+3 44
+4 88
+5 44
+1 44
+1 44
957 28
+1 28
+1 28
+1 28
+2 28
+3 28
+1 28
+4 14
+1 14
+9 1
+4 1
+1 1
+8 1
+1 1
+1 1
+1 1
+1 1
+1 1
+2 1
+47 1
+1 1
+3 1
+1 1
+1 1
+3 2
+7 1
+1 1
+1 1
+1 1
+10 14
+1 14

fn=(948)
206 5
+43 5
+25 5
+1 5
+1 5
+2 5
+1 5
+4 5
+4 5
+2 5
+2 5
+3 5
+9 5
+1 5
+4 5
+10 5
+1 5
+3 5
+4 10
953 5
+1 5
+3 5
+1 5
+1 5
+1 5
+2 5
+3 5
+1 5
1076 5
+1 5

fl=(207)
fn=(986)
30 12
+3 6
-3 60
+3 28
+8 50
+2 48
-7 2
+5 2
-5 6
+1 2
-1 2
+5 2

fl=(237)
fn=(1454)
117 315
+5 63

fn=(1216)
117 125
+5 25

fl=(241)
fn=(1308)
25 16
+7 2
+4 4
+3 10
+2 2
-2 6
+4 6
+3 4
+35 2
+5 2
+1 2
-1 2
-20 2
+24 14

fl=(107)
fn=(340)
30 1
fi=(101) ./wcsmbs/../sysdeps/x86_64/multiarch/ifunc-avx2.h
+10 3
-2 4
fe=(107)
-8 2
fi=(101)
+11 2
+1 3
+3 2
+4 3
+3 5
fe=(107)

fl=(92)
fn=(304)
29 1
fi=(93)
+28 3
-1 2
+4 3
+14 2
+3 2
+8 2
+8 2
+3 5
fe=(92)

fl=(211) ./libio/./libio/filedoalloc.c
fn=(1004) _IO_file_doallocate
78 22
+6 8
fi=(213)
1025 6
+1 4
fe=(211)
84 6
cfi=(205)
cfn=(1006) _IO_file_stat
calls=2 1147 
* 18
* 4
+2 8
+11 8
+4 4
cob=(3)
cfi=(153)
cfn=(968)
calls=2 0 
* 357
* 2
+1 4
+2 8
cfi=(204)
cfn=(1010) _IO_setb
calls=2 329 
* 58
+1 2
+1 18

fl=(231)
fn=(1140)
33 36798
+1 73596
-1 220788
+10 73611
+16 36798
fi=(295) ./libio/../libio/libioP.h
1025 110394
+1 73596
fe=(231)
59 36798
+1 36798
-1 36798
+1 110394
-1 36798
cfi=(205)
cfn=(1142) _IO_file_seekoff@@GLIBC_2.2.5
calls=36798 901 
* 2274841
-16 10

fl=(125)
fn=(382)
29 1
fi=(118)
+9 2
+1 1
-1 2
+1 2
+3 2
+4 3
+3 3
fe=(125)
-20 1

fl=(185)
fn=(636)
35 1
+2 3
-1 1
+2 1
-10 2
-1 2
+2 1
-1 3
+1 21
-1 63
+10 1
-1 3
+3 2

fl=(205)
fn=(1056) _IO_file_finish@@GLIBC_2.2.5
168 10
+1 2
-1 2
+1 2
+6 4
+1 6
-1 2
cfi=(204)
cfn=(1058) _IO_default_finish
calls=2 601 
* 40

fn=(982)
213 24
+9 4
+2 14
+23 28
357 24
224 4
+23 12
+26 2
+8 8
cfn=(984) _IO_file_open
calls=2 -99 
* 192
* 2
+3 4
+3 6
cfi=(208) ./string/../string/strstr.c
cfn=(988) __GI_strstr
calls=2 77 
* 118
* 2
+1 4
-74 1
+13 1
+1 2
+19 12

fn=(1206) _IO_file_write@@GLIBC_2.2.5
1174 1456
+2 728
-1 364
+6 182
cfi=(236)
cfn=(1208)
calls=182 25 
* 1456
+1 364
+5 182
+1 182
-12 364
+4 546
+1 364
+10 546
+1 274
+2 1092
-4 546

fn=(1118) _IO_file_overflow@@GLIBC_2.2.5
732 1432
+1 716
+7 883
+37 173
-2 346
-32 12
+14 5
-2 12
+9 18
+5 18
+2 12
-5 6
+5 6
+1 6
-5 6
+1 6
+4 12
-7 6
+10 12
+13 179
-12 179
+1 179
+11 716
-12 179
cfn=(1120) _IO_do_write@@GLIBC_2.2.5
calls=179 424 
* 18799
-4 12
-27 2
cfi=(204)
cfn=(1002) _IO_doallocbuf
calls=1 343 
* 293
+1 1
+9 1
-9 5

fn=(984)
182 4
+3 2
-3 20
+2 4
+4 2
cfi=(207)
cfn=(986)
calls=2 30 
* 74
* 2
+1 4
+3 4
+3 2
-4 2
+1 6
+3 2
-3 2
+3 2
+10 4
cfi=(204)
cfn=(976) _IO_link_in
calls=2 87 
* 42
+1 2
+1 12

fn=(1120)
424 182
+2 546
+1 7
-3 525
fi=(213)
1025 175
fe=(205)
424 1400
+20 175
-10 350
+7 700
fi=(213)
1025 350
+1 350
fe=(205)
449 700
cfn=(1206)
calls=175 1174 
* 8310
* 175
+1 525
+2 175
+4 350
-3 350
-1 350
+4 525
-30 350
+28 175
-28 350
+1 1400
+28 525

fn=(1116) _IO_file_xsputn@@GLIBC_2.2.5
1198 409682
+7 58526
-7 117052
+6 234104
+9 117052
-2 234104
+17 175578
+1 116990
+5 58495
+2 116990
+2 58495
-4 58495
+2 58495
+2 58495
-1 58495
-1 58495
cob=(3)
cfi=(153)
cfn=(1124)
calls=58495 0 
* 1076444
+2 58495
-2 58495
+4 116990
+28 526734
-68 31
+44 31
fi=(213)
1025 93
+1 62
fe=(205)
1244 146
fi=(213)
1025 438
+1 292
fe=(205)
1244 531
cfn=(1118)
calls=177 732 
* 23958
* 354
+6 354
+1 885
+2 531
+11 354
+1 700
cfi=(204)
cfn=(1122) _IO_default_xsputn
calls=175 371 
* 12768
+2 525
446 4
-2 7
-10 14
+7 28
fi=(213)
1025 14
+1 14
fe=(205)
449 35
cfn=(1206)
calls=7 1174 
* 336
+1 7
-1 7
+1 21
+2 7
+4 14
-3 14
-1 14
+4 21
-2 7
1257 14
-1 14
455 21

fn=(1232) _IO_file_sync@@GLIBC_2.2.5
793 14
+5 8
+1 6
+1 2
+1 4
+11 4
+4 10
-17 4
cfn=(1120)
calls=2 424 
* 216
* 4

fn=(1006)
1147 4
+1 8
cfi=(212)
cfn=(1008)
calls=4 30 
* 24

fn=(1014) _IO_file_underflow@@GLIBC_2.2.5
462 1
+4 3
-4 9
+7 2
+6 3
+3 2
+12 2
fi=(213)
1025 1
fe=(205)
506 2
cfi=(204)
cfn=(1018) _IO_switch_to_get_mode
calls=1 164 
* 26
+6 1
+5 1
-5 1
fi=(213)
1025 2
fe=(205)
512 1
fi=(213)
1025 1
fe=(205)
512 3
fi=(213)
1026 2
fe=(205)
517 4
cfn=(1020) _IO_file_read
calls=1 1131 
* 13
+2 2
+16 1
-9 1
+9 2
+2 2
+1 8

fn=(1020)
1131 1
+3 1
-1 1
+1 2
cfi=(214)
cfn=(1022)
calls=1 25 
* 8

fn=(1000) _IO_file_xsgetn
1273 11
+7 1
-7 1
+7 1
+11 1
fi=(213)
1025 1
fe=(205)
1291 4
+2 3
+1 2
-1 3
+1 2
+8 2
+8 2
+9 3
+1 4
+41 8
fi=(215) ./libio/../string/bits/string_fortified.h
29 3
cob=(3)
cfi=(153)
cfn=(1026)
calls=1 -29 
* 15
fe=(205)
1297 1
-6 2
+31 2
cfi=(204)
cfn=(1012) __underflow
calls=1 269 
* 132
* 2
-39 3
+5 2
cfi=(204)
cfn=(1002)
calls=1 343 
* 302
* 1

fn=(1044) _IO_file_close
1165 2
+3 4
cfi=(174)
cfn=(570)
calls=2 25 
* 12

fn=(974)
106 12
+5 2
-1 2
+3 2
cfi=(204)
cfn=(976)
calls=2 -26 
* 178
+1 2
+1 6

fn=(1040) _IO_file_close_it@@GLIBC_2.2.5
128 14
+2 6
+4 4
+3 2
-3 2
-1 4
+6 2
+3 2
-3 2
cfi=(204)
cfn=(1042) _IO_unsave_markers
calls=2 937 
* 28
+3 6
fi=(213)
1025 6
+1 4
fe=(205)
142 4
cfn=(1044)
calls=2 1165 
* 18
* 2
+3 6
+8 10
cfi=(204)
cfn=(1010)
calls=2 329 
* 325
+1 2
+3 2
-3 6
+3 2
cfi=(204)
cfn=(1036) _IO_un_link
calls=2 53 
* 8
+5 2
-4 2
+1 2
+3 2
-2 2
+3 14
-28 7
cfn=(1120)
calls=1 424 
* 5
* 2

fn=(1142)
901 478374
+8 73601
-60 15
+66 20
+3 16
+12 10
+13 20
+23 2
fi=(213)
+59 6
+1 4
fe=(205)
-60 6
cfn=(1006)
calls=2 1147 
* 18
* 12
+2 4
-41 10
cfi=(204)
cfn=(1018)
calls=5 164 
* 428
* 10
+42 2
+7 4
cfi=(204)
cfn=(1242) _IO_free_backup_area
calls=2 187 
* 44
* 6
cfi=(204)
cfn=(1242)
calls=3 187 
* 66
+5 5
+1 5
-1 18
+1 8
+3 12
-1 4
+2 11
fi=(213)
+39 1
fe=(205)
-27 2
fi=(213)
+27 4
fe=(205)
-27 8
+37 10
cfi=(204)
cfn=(1042)
calls=5 -98 
* 70
+1 5
fi=(213)
-11 10
+1 10
fe=(205)
+10 20
cfn=(1144) _IO_file_seek
calls=5 1140 
* 45
+1 10
+2 10
+1 5
+1 20
+14 404778
915 20
-68 73586
+4 36793
-2 73586
+2 36793
+5 147168
+34 73586
-10 73586
+3 25925
fi=(213)
1025 77775
+1 51850
fe=(205)
883 103700
cfn=(1144)
calls=25925 1140 
* 233325
+2 51850
-5 36793
-14 73586
+7 73582
+4 73582
-10 6

fn=(1144)
1140 25930
+1 51860
cfi=(232)
cfn=(1146)
calls=25930 28 
* 155580

fl=(252)
fn=(1476)
52 21
+2 21
+1 21
+1 21
+3 21
+1 21
+3 21
+2 21
+4 21
+3 21
+1 21
+1 21
+1 21
+1 21
+5 21
+2 42
+1 42
+1 42
+2 21
+8 21
+3 21
+1 21
+1 21
cfi=(242)
cfn=(1484)
calls=21 338 
* 1949206203

fl=(263)
fn=(1602)
73 52376
+7 52376
+1 52376
+75 11843
+10 11843
+1 11843
+1 11843
+3 23686
401 52376
+1 52376
+5 52376
+1 52376
+1 52376
+1 52376
+1 52376
+3 42896
+1 42896
+1 42896
+1 42896
+3 42896
+1 42896
+1 31053
+1 62106
+6 9480
+1 9480
+2 9480
+1 9480
+2 8884
+1 8884
+2 7112
+1 7112
+1 7112
+1 7112
+1 7112
+1 7112
+1 7112
+1 7112
+1 7112
+2 7112
+2 5010
+13 2652
+1 2652
+2 2652
+10 596
+1 596
+1 596
+1 596
+1 46
+1 46
+1 46
+2 46
+2 46
+67 1772
+1 1772
+1 1772
+1 1772
+1 1772
+1 1772
+1 1772
+1 1772
+1 1772
+1 1772
+2 1772
+2 1772

fl=(168)
fn=(556)
28 6
+3 3
-3 18
+3 18
+8 21
+2 15

fl=(208)
fn=(988)
77 18
+5 2
-5 6
+5 4
+2 8
cob=(3)
cfi=(153)
cfn=(990)
calls=2 -84 
* 46
* 2
+1 4
+1 4
+75 24

fl=(229)
fn=(1114)
31 351156
+1 58526
-1 58526
+1 58526
-1 117052
+4 351156
+2 585260
+1 175579
+1 1
fi=(213)
1025 1
fe=(229)
39 1
fi=(213)
1025 1
+1 2
fe=(229)
39 58525
fi=(213)
1025 58525
fe=(229)
39 58525
fi=(213)
1025 58525
+1 117050
fe=(229)
39 292630
cfi=(205)
cfn=(1116)
calls=58526 1198 
* 3869367
+6 117052
fi=(213)
979 117052
fe=(229)
45 117052
+1 58526
+3 526734
-11 117050
fi=(213)
980 526734
fe=(229)
37 234104

fl=(273) ./posix/./posix/register-atfork.c
fn=(1776) __unregister_atfork
82 6
+1 6
-1 12
+1 6
fi=(274) ./posix/../malloc/dynarray-skeleton.c
243 3
fe=(273)
71 6
+38 12
+1 9

fl=(116)
fn=(360)
60 1
-17 2
-1 4
+2 3
+2 2
+4 3
+10 1

fl=(136)
fn=(422)
29 1
fi=(286)
+7 5
fe=(136)
-7 1

fl=(265) ./nptl/./nptl/cancellation.c
fn=(1742) __pthread_enable_asynccancel
31 7
+1 7
+1 14
+4 14
+2 14
+3 28
fi=(266) ./nptl/../nptl/descr.h
439 14
fe=(265)
45 14
+11 14

fn=(1746) __pthread_disable_asynccancel
63 7
+3 21
+5 21
+3 7
+2 7
-2 7
+2 14
+7 21

fl=(198)
fn=(938)
28 22
+2 22
+2 22
cfi=(199) ./setjmp/../sysdeps/x86_64/setjmp.S
cfn=(940) __sigsetjmp
calls=22 -1 
* 770

fl=(86)
fn=(290)
79 2
-31 4
+1 2
-2 8
+2 4
+3 4
+4 6
+3 6
+20 2

fl=(264)
fn=(1734)
27 1506264
+1 251044
+9 125522
+1 125522
-1 502088
-4 251044
+4 125522
-4 125522
+5 251044
cfi=(255)
cfn=(1490)
calls=125522 +55 
* 105169518
+4 627610

fl=(191)
fn=(832)
32 2
fi=(296) ./nptl/../string/bits/string_fortified.h
+27 1
fe=(191)
-27 4
fi=(296)
+27 4
fe=(191)
-13 1
cfi=(192)
cfn=(834)
calls=1 -19 
* 6
* 2
+3 4

fl=(275)
fn=(1816)
25 2
+3 4
+2 10
+2 4
+1 8
+3 2
+4 2

fl=(127)
fn=(394)
29 1
fi=(84)
+11 3
-2 4
fe=(127)
-9 2
fi=(84)
+12 2
+1 3
+3 2
+4 3
+3 5
fe=(127)

fl=(152) ./nptl/./nptl/pthread_mutex_conf.c
fn=(474) __pthread_tunables_init
55 2
+1 2
-1 2
+1 2
-1 4
+1 1
cob=(3)
cfi=(153)
cfn=(476)
calls=1 -56 
* 26
+2 4
cob=(3)
cfi=(153)
cfn=(476)
calls=1 -58 
* 25
+2 4
cob=(3)
cfi=(153)
cfn=(476)
calls=1 -60 
* 26
+2 6

fl=(246)
fn=(1460)
77 22
+3 66
+2 22
+2 44
-7 88
+11 44
+91 22
+3 22
+2 22
+3 22
-63 22
+66 66
-93 44
+11 88
+4 22
+3 44
-71 22
+1 88
+85 66
+1 44
-83 88

fl=(108)
fn=(344)
31 1
fi=(109) ./string/../sysdeps/x86_64/multiarch/ifunc-strncpy.h
+4 5
+1 3
+3 2
+4 3
+3 4
fe=(108)
-15 1

fl=(149)
fn=(468)
29 22
+2 154
+2 88
+2 88
+1 22

fl=(94)
fn=(308)
29 2
fi=(93)
+28 6
-1 4
+4 6
+14 4
+3 4
+8 4
+8 4
+3 10
fe=(94)

fl=(117)
fn=(362)
29 1
fi=(118)
+9 2
+1 1
-1 2
+1 2
+3 2
+4 3
+3 3
fe=(117)
-20 1

fl=(159)
fn=(516)
53 1
+1 1
+1 1
+2 1
+1 1
+4 1
+1 1
+1 1
+3 1
+2 1
+1 1
+1 1
+1 1
+3 1
+1 1
+2 1
+1 1
+1 1
+1 1
+1 1
+9 2

fl=(100)
fn=(324)
31 2
fi=(101)
+9 6
-2 8
fi=(102) ./wcsmbs/../sysdeps/x86_64/multiarch/wcschr.c
-7 4
fi=(101)
+10 4
+1 6
+3 4
+4 6
+3 10
fe=(100)

fn=(390)
31 1
fi=(97) ./wcsmbs/../sysdeps/x86_64/multiarch/ifunc-wcs.h
+9 3
-1 4
+2 3
+3 2
+4 4
fe=(100)
-17 1

fl=(193)
fn=(872)
25 2
+2 6
+2 2
+2 4
-2 1
+2 8
-4 4
+6 6
+4 6
+6 2
-3 2
+3 2

fl=(139)
fn=(432)
31 1
fi=(114)
+6 2
-1 4
fe=(139)
-5 2
fi=(114)
+7 3
+3 2
+4 3
+3 4
fe=(139)

fl=(183)
fn=(622)
30 2
+3 6
+2 2
-5 2
+9 4
fi=(296)
+20 1
fe=(183)
-29 1
fi=(296)
+29 1
cob=(3)
cfi=(153)
cfn=(624)
calls=1 -59 
* 18
fe=(183)
-18 1
+1 2

fl=(238)
fn=(1230)
32 2
+1 4
-1 10
+7 4
+1 2
fi=(213)
1025 6
+1 4
fe=(238)
40 4
cfi=(205)
cfn=(1232)
calls=2 793 
* 272
* 4
fi=(213)
979 4
+1 16
fe=(238)
44 10
-5 20

fl=(110)
fn=(348)
31 2
fi=(111) ./wcsmbs/../sysdeps/x86_64/multiarch/ifunc-evex.h
+7 6
-1 8
+2 6
+6 4
-3 4
+9 6
+3 8
fe=(110)
-23 2

fl=(175)
fn=(1190) _int_realloc
4914 13080
+11 6540
+1 8175
+1 6540
+6 3270
+2 3270
+1 4905
+2 6540
+3 3270
+89 14715
-79 3270
+12 3268
+12 6540
cfn=(592) _int_malloc
calls=1635 3846 
* 234249
* 1635
+1 3270
+9 1635
-6 1635
+1 1635
+5 3270
+8 1635
-1 1635
fi=(181) ./malloc/../string/bits/string_fortified.h
29 1635
fe=(175)
4993 9810
fi=(181)
29 1635
cob=(3)
cfi=(153)
cfn=(1026)
calls=1635 -29 
* 253353
fe=(175)
4997 6540
cfn=(1052) _int_free
calls=1635 4495 
* 155058
+2 1635
-47 1
+1 1
-2 2

fn=(1210) malloc_consolidate
4811 60
+17 60
-17 300
+28 60
-28 180
+15 60
+2 60
+13 120
+1 120
-1 1080
+1 1080
+62 1800
+1 480
-31 77876
+4 52032
+2 26016
+1 52032
+1 52032
+2 52032
-4 12922
+1 25844
+1 25844
+2 25844
+1 788
+4 394
+2 394
-2 788
+3 394
+9 788
-12 38544
+2 38544
-2 77088
+3 38544
+9 115997
-56 77878
+4 116817
+1 155756
+8 38939
-3 77878
+3 38939
-3 38939
+4 38939
-4 38939
+5 38939
-5 38939
+5 77878
+2 77878
+1 15749
+2 15749
-1 15749
+2 62996
+2 110243
cfn=(1202) unlink_chunk.isra.0
calls=15749 1608 
* 331239
* 78745
+3 77878
+25 1
+1 2
+1 2
-23 12922
+1 38766
+16 25844
-16 12922
cfn=(1202)
calls=12922 1608 
* 271677
* 51688

fn=(600) alloc_perturb
1985 311892
+2 103964

fn=(1186)
3407 17996
+6 3272
+4 3272
3538 1
3425 1
3538 6
3425 1
cfn=(580)
calls=1 3294 
* 45
-1 3272
5238 1635
3433 1635
5239 4905
-1 3270
+2 3270
3538 14715
5241 1635
3441 3270
+15 4905
fi=(176) ./malloc/./malloc/arena.c
153 4905
fe=(175)
3464 6540
+1 3270
1326 3270
+19 9810
3475 3270
+31 3270
+9 4
+2 6
cfn=(1190)
calls=1 4914 
* 197079
+2 1
-2 1
+2 4
+1 5
-12 9804
cfn=(1190)
calls=1634 4914 
* 566573
* 1634
+1 8170
fi=(176)
153 6536
fe=(175)
3509 3268

fn=(1202)
1608 31403
+2 94209
-2 31403
+2 62806
+3 31403
+1 62806
+2 125612
-3 31403
+6 31403
+1 31403
+1 63667
+2 16
+1 24
+3 16
+14 8
+1 8
+3 62806

fn=(1198) _int_free_merge_chunk
4665 8220
+1 1644
-1 4932
+5 9864
+3 3288
+5 4932
+3 3288
+1 3288
+1 3288
1992 4932
4689 3288
+2 1088
+2 1088
-1 1088
+2 4352
+2 2176
cfn=(1202)
calls=1088 1608 
* 22854
+18 3288
+6 3226
+4 1053
+9 1053
-1 1053
+1 3159
+1 2106
-1 560
-1 560
+1 1680
+1 1120
+2 1613
+2 3226
+5 1613
+1 1613
+2 4839
+1 1613
-45 1613
-1 3226
+1 9678
-1 1613
cfn=(1200) _int_free_maybe_consolidate
calls=1613 +69 
* 38712
+1 31
-1 62
+1 186
-1 31
cfn=(1200)
calls=31 +69 
* 1407
+39 117
+16 31
+1 93
+1 62
-37 560
+1 560
-1 560
cfn=(1202)
calls=560 1608 
* 11763
+1 560
-47 4869
-2 3246

fn=(1358) _int_memalign
5039 8
1326 2
+19 8
5069 3
cfn=(592)
calls=1 3846 
* 333
+2 2
-2 1
+2 1
+5 1
-2 1
+2 3
+7 5
+2 4
+1 1
+3 2
+1 4
+3 2
+8 10
+2 1
+1 3
+1 1
-1 2
+1 1
cfn=(1198)
calls=1 4665 
* 91
+3 9
-2 1
+7 3
+2 2
+1 1
+1 1
+1 2
+2 1
+2 1
-5 1
+4 2
+20 9
-11 1
-1 1
+1 2
4714 2
5123 1
4720 2
+13 1
-1 1
+1 3
+1 2
+2 1
+2 2
+5 1
+1 1
+2 3
+1 1
5134 3
cfn=(1200)
calls=1 4770 
* 24
+6 1
4740 3
-19 1
cfn=(1202)
calls=1 1608 
* 24
+1 2

fn=(592)
3846 1167749
1326 212318
+19 557128
3887 52666
1794 26333
3914 52666
+65 49212
-63 98424
+3 24606
+2 49212
+2 2116
-6 1058
+9 2116
+1 5290
+5 2116
+1 2116
+7 1058
-1 2116
+1 5290
+5 2116
3165 1058
3945 1058
+1 3174
+31 3454
+62 1169
+1 222
+20 105073
-1 105073
-1 105073
+1 210146
+1 210146
-2 210102
+12 525365
-1 6290
+4 6290
+1 3145
+2 6290
-3 46140
+1 23070
+2 46140
+1 78645
+2 26215
+1 104860
+2 104860
-10 26215
+12 52430
+1 52430
+2 52430
+11 58718
+29 23620
+1 23620
+4 47240
+29 47240
+8 832
+1 20
+1 20
-1 20
+4 40
-4 138
+1 138
-1 138
+4 276
+5 116
-2 116
+2 348
+1 232
+7 19
-1 76
+2 57
3887 159652
+27 159652
+66 105027
+2 105027
-2 105027
+2 210054
+2 28
+1 56
+6 28
-4 28
+1 28
+1 28
+2 56
+7 112
-1 56
+1 56
+5 224
+1 64
+2 56
-92 239478
1345 79826
3919 159652
+2 159652
+9 310122
4041 62
cfn=(1210)
calls=31 4811 
* 2696178
* 31
+93 26
+1 26
-1 26
+1 52
-14 26
+19 52
+1 168
1985 3210
4487 1273908
1985 28
4020 28
1985 56
4163 48002
+1 72003
+1 24001
-1 24001
+57 48002
+9 24001
-9 48002
+9 24001
-9 72003
+1 24001
+1 24001
+1 24001
+1 24001
+6 48002
-10 316
+9 158
-9 316
+9 158
-9 474
+1 158
+1 158
+1 158
+1 158
+6 316
4070 72474
4246 2176
+11 309066
+2 222
+3 74
-3 74
+3 148
+1 103022
+71 309066
-4 103022
+1 103022
+1 103022
-1 103022
+1 103022
+1 206044
+1 309066
+5 309066
-9 24
+1 24
+1 24
-1 24
+1 24
+1 48
+1 72
+5 105322
+16 7404
+2 14808
-4 19136
+8 2164
+3 4328
+2 1081
+1 1081
+1 1081
-2 4324
-27 1081
-99 96637
3163 14
+4 14
-4 14
+2 112
+1 28
+1 14
4070 28
+29 6236
+2 2595
-1 5190
+27 565
+1 565
+4 1130
+29 1211
+8 665
4008 28
+1 28
+1 56
3159 28
4012 28
3167 28
-8 28
+4 28
4013 28
3163 28
+2 112
+1 28
+2 28
-2 28
+1 28
+1 28
4218 42
-48 42
+48 126
4343 306021
+3 407848
-3 305787
+3 407588
-3 305667
+3 406940
-3 203464
4443 101963
+1 203926
+2 203926
+3 305889
+17 364
+2 58
cfn=(1210)
calls=29 4811 
* 2849
+2 87
4070 29
4471 29
4070 29
4471 29
4070 1731
-91 9918
4169 50
+23 291
+3 98
+1 294
-3 390
+6 97
+7 30
-1 120
+2 60
+2 30
+1 90
+2 30
+1 60
-1 67
+1 134
-11 134
4343 44
+5 176
+1 88
+24 4332
+3 2166
+2 1083
+3 2166
-3 2166
+3 1083
cfn=(1202)
calls=1083 1608 
* 22839
+3 4332
+15 1136
-5 568
+5 1136
+1 1136
+3 568
+1 568
+1 568
+3 1136
+1 566
+1 1136
+2 16
+3 64
+2 24
+1 8
1985 8
4421 8
1985 16
4415 4480
+2 1680
+1 560
1985 560
4421 560
1985 1635
4421 515
1985 1030
4387 515
-1 515
+1 1030
4070 14
3199 14
-21 14
+4 28
+8 14
-4 56
+4 14
+1 28
4248 14
4105 2030
-1 2030
+3 2030
-1 2030
+1 4060
+1 6090
+1 4060
+2 648
+4 324
+6 324
-6 324
+7 324
-7 1944
+2 972
+5 324
-4 324
+4 324
cfn=(600)
calls=324 1985 
* 1296
-7 1706
+6 1706
-6 1706
+7 1706
-7 10236
+2 5118
+5 1706
-4 1706
+4 1706
cfn=(600)
calls=1706 1985 
* 6824
+1 2030
2552 62
+12 62
-12 310
+12 62
+1 24
+3 32
+8 40
cfn=(1152) sysmalloc_mmap.isra.0
calls=8 2400 
* 910
* 8
+1 16
4482 16
-22 305802
cfn=(600)
calls=101934 1985 
* 407736
+1 101934
-9 203744
+2 203744
-1 101872
+1 101872
-3 101872
+3 101872
+2 101872
-2 407488
+2 101872
+3 203744
4313 48
2553 54
+36 162
+1 54
-1 54
+1 54
+9 534
+6 159
+3 162
fi=(176)
55 63
fe=(175)
2616 21
fi=(176)
147 21
fe=(175)
2616 21
fi=(176)
147 21
fe=(175)
2616 21
fi=(176)
147 21
fe=(175)
2616 21
-1 21
+1 42
fi=(176)
479 21
+4 63
+1 21
+1 42
+3 63
+10 21
+1 21
fe=(175)
2619 42
+1 42
-1 42
+1 42
2921 162
+1 54
+4 54
+4 270
+5 54
-2 54
+5 54
-3 108
-3 54
+2 54
+1 54
+1 54
-1 162
+1 54
4482 54
fi=(176)
490 168
cfi=(237)
cfn=(1454)
calls=21 117 
* 126
* 126
+5 42
55 42
fe=(175)
2669 99
+8 66
+1 99
+13 33
+2 33
-2 66
+8 165
+8 66
+48 4
+40 3
+19 2
+3 2
+1 6
+2 1
+1 5
cfi=(178)
cfn=(594)
calls=1 25 
* 33
+12 4
-12 1
+12 1
2008 4
3882 1
2873 1
+3 1
-1 1
+1 4
+12 1
-11 1
+11 2
2783 1
-1 2
2017 2
2745 1
+1 1
+6 3
-6 1
+6 3
-6 32
+6 96
-6 32
+6 160
+1 192
-44 99
cfi=(178)
cfn=(594)
calls=33 25 
* 1632
+1 66
-1 33
+1 33
2008 33
2711 33
2008 99
2712 33
+3 66
+29 227

fn=(1356) _mid_memalign.isra.0
3575 7
+6 2
+4 2
1326 2
+19 5
3615 3
+2 2
+21 2
+24 6
-72 3
+8 3
+42 5
cfn=(1358)
calls=1 5039 
* 606
+1 5
fi=(176)
153 2
fe=(175)
3643 2

fn=(580)
3294 748848
+7 187212
1326 187210
+19 388204
3311 27560
+2 374424
+3 187168
+10 187200
+8 360
+2 135
cfn=(592)
calls=45 3846 
* 9156
+3 90
+8 180
+4 135
fi=(176)
153 132
-98 42
+92 210
fe=(175)
3351 42
fi=(176)
147 42
+6 42
fe=(175)
3351 88
+3 561600
3248 88
cfn=(590) tcache_init.part.0
calls=22 -6 
* 28143
+68 44
+1 88
+1 280728
3178 12
+4 12
+4 6
+4 6
-4 18
+4 6
+1 6
3354 36
-26 374220
cfn=(592)
calls=93555 3846 
* 13679614
+1 467775
fi=(176)
153 187110
264 1
cfn=(584) ptmalloc_init.part.0
calls=1 -2 
* 1151
fe=(175)
1326 2

fn=(590)
3242 88
+9 92
+1 3
cfn=(592)
calls=1 3846 
* 359
+1 2
+8 4
+9 22
fi=(181)
59 44
fe=(175)
3270 22
fi=(181)
59 1892
fe=(175)
3274 66
fi=(176)
824 21
cfn=(1552) get_free_list
calls=21 703 
* 378
* 21
+1 105
cfn=(1554) arena_get2.part.0
calls=21 -7 
* 21958
fe=(175)
3252 84
cfn=(592)
calls=21 3846 
* 2772
+1 42
+7 42
+8 42
-7 84

fn=(1048)
3359 40100
+4 80200
-4 120285
+14 40095
-14 120285
+12 40095
+4 40095
-4 40095
+4 80190
+17 120261
fi=(176)
153 120261
-98 43
+92 258
+6 43
fe=(175)
3398 129
cfn=(1052)
calls=43 4495 
* 4982
* 120132
cfn=(1052)
calls=40044 4495 
* 3123788
+3 40087
+1 240522
-23 24
+2 28
+2 6
+1 6
-1 6
+1 6
+1 6
+3 12
cfn=(1214) munmap_chunk
calls=6 3024 
* 216
* 4
cfn=(1214)
calls=2 3024 
* 72
+13 8
+1 53

fn=(1214)
3024 8
+2 8
-1 8
+1 16
+2 8
-3 8
-1 8
+4 8
+3 16
+7 8
-8 8
+9 8
-8 8
+1 8
+6 24
+1 32
+3 8
+1 24
+6 8
-1 16
cfi=(237)
cfn=(1216)
calls=8 117 
* 48

fn=(670)
3699 21802
+10 10901
-10 76307
+10 87208
+8 21802
+3 32703
+2 21802
+3 176
+7 22
+8 22
-7 44
+7 44
+14 66
cfn=(592)
calls=22 +92 
* 1930
+2 54543
fi=(176)
153 21790
fe=(175)
3732 10879
+1 10879
+21 21758
-21 21758
+21 10879
cfn=(592)
calls=10879 +92 
* 5177047
+2 21758
+33 6
fi=(181)
59 6
fe=(175)
3789 12
+48 86936
-78 12
+10 88
+15 22
+3 88
+9 10895
-12 10895
+12 21790
+3 54475
+8 10895
+2 21790
+2 21790
+5 10861
+2 10861
-2 10861
+3 21722
+2 10855
+2 21710
+2 10853
+2 21706
+2 21704
-73 32685
+3 32663
+78 34
fi=(181)
59 68
fe=(175)
3837 204
fi=(181)
59 34
cob=(3)
cfi=(153)
cfn=(624)
calls=34 -59 
* 361942
fe=(175)

fn=(1200)
4770 18095
+6 3290
+22 18095
-20 116
+3 87
fi=(176)
55 21
fe=(175)
4792 21
fi=(176)
55 42
+92 21
fe=(175)
4794 42
+1 21
fi=(176)
545 21
fe=(175)
4795 21
fi=(176)
545 42
+27 21
55 42
585 21
+1 42
fe=(175)
4784 40
fi=(176)
585 42
fe=(175)

fn=(1052)
4495 292054
+4 125166
+6 166888
+1 83444
+4 208610
+8 166888
-1 83444
+1 83444
+29 41679
-20 41679
-6 41679
+6 83358
+20 166716
1792 41662
4561 83324
+11 160076
+2 120057
1992 40019
4593 40019
1992 80038
4595 40019
+1 40019
+4 80038
+2 40019
-2 40019
+2 40019
+4 79994
+2 119991
+1 39997
+19 157852
+30 240618
-21 3286
+3 3286
+3 50
+15 1619
-12 1619
+12 6476
-12 1619
cfn=(1198)
calls=1619 +19 
* 193473
-49 22
+22 22
-22 44
+22 66
+2 88
+1 44
-6 44
3163 60
+4 60
-4 60
+2 240
+1 60
+1 60
4550 60
+94 96
+2 48
cfn=(1198)
calls=24 +19 
* 2401
+3 96

fn=(1152)
2400 40
+13 24
-13 8
+18 16
+3 72
cfi=(227)
cfn=(1102)
calls=8 47 
* 208
* 8
+3 16
+4 16
2008 32
2432 32
cfi=(233)
cfn=(1154)
calls=8 33 
* 206
+16 24
+19 8
-1 8
+5 8
-4 16
+4 16
+1 32
+3 24
+1 40
+5 56

fn=(1354)
3543 1
+1 2
+4 1
cfn=(1356)
calls=1 +27 
* 657

fl=(212)
fn=(1008)
30 7
+9 28
+33 7

fl=(190)
fn=(772)
28 2
+1 10
cfi=(188)
cfn=(742)
calls=2 -5 
* 514

fl=(251)
fn=(1474)
42 1
+2 1
+1 1
+1 1
+1 1
+1 1
+4 1
+3 1
+5 1
+2 1
+1 1
+23 5

fl=(247)
fn=(1462)
367 22
51 66
+1 44
367 66
57 44
+8 22
-3 22
-23 22
+1 88
+30 22
+2 22
369 44
43 88
+31 44
+6 88
+4 66
+3 44

fl=(169)
fn=(558)
25 3
+1 12
+1 3

fl=(128)
fn=(398)
29 1
fi=(109)
+6 5
+1 3
+3 2
+4 3
+3 4
fe=(128)
-17 1

fl=(174)
fn=(570)
25 5
+1 20
+1 5

fl=(182)
fn=(614)
23 1
+2 2

fl=(95)
fn=(312)
29 1
fi=(84)
+11 3
-2 4
fe=(95)
-9 2
fi=(84)
+12 2
+1 3
+3 2
+4 3
+3 5
fe=(95)

fl=(196)
fn=(918)
67 7
-26 2
+2 8
+1 2
cfn=(920) __new_exitfn
calls=1 +36 
* 33
+2 2
+8 1
-2 1
+3 1
+1 1
-4 2
+1 1
+4 4
+1 1
+11 6

fn=(920)
80 1
+6 2
-6 4
+11 2
-10 1
+10 4
+2 4
-2 1
+10 1
-10 3
+45 1
+5 3
-4 1
+4 2
-18 1
-1 1
+12 1

fl=(154) ./nptl/../sysdeps/unix/sysv/linux/x86/elision-conf.c
fn=(478) __lll_elision_init
92 2
+4 1
-4 2
+4 2
-4 1
+4 1
-4 3
+4 1
cob=(3)
cfi=(153)
cfn=(476)
calls=1 -96 
* 26
+2 4
cob=(3)
cfi=(153)
cfn=(476)
calls=1 -98 
* 26
+2 4
cob=(3)
cfi=(153)
cfn=(476)
calls=1 0 
* 26
+2 4
cob=(3)
cfi=(153)
cfn=(476)
calls=1 0 
* 26
+2 4
cob=(3)
cfi=(153)
cfn=(476)
calls=1 0 
* 26
+3 3
+1 1
+1 6

fl=(222)
fn=(1072)
30 1
+8 2
+2 2
+28 2
+1 2
-25 2

fl=(115)
fn=(358)
29 1
fi=(286)
+7 5
fe=(115)
-7 1

fl=(134)
fn=(418)
29 2
fi=(135) ./string/../sysdeps/x86_64/multiarch/ifunc-evex.h
+9 6
-1 8
+2 6
+6 4
-3 4
+9 6
+3 8
fe=(134)
-25 2

fl=(150) ./resource/../sysdeps/unix/sysv/linux/getrlimit64.c
fn=(470) getrlimit
38 2
+1 7
+1 1

fl=(200) ./setjmp/./setjmp/sigjmp.c
fn=(942) __sigjmp_save
28 132
+2 44
-1 22
+5 88

fl=(204)
fn=(1010)
329 44
+1 20
+5 8
-3 4
+3 8
-2 4
+2 8
+3 24
-7 2
cob=(3)
cfi=(153)
cfn=(1046)
calls=2 0 
* 257
+4 4

fn=(1242)
187 30
+1 10
+2 10
cob=(3)
cfi=(153)
cfn=(1046)
calls=5 0 
* 30
+1 5
+1 5
-1 5
+3 15

fn=(1466)
518 1
+3 3
1044 1
523 1
+1 3
+1 1
1058 1
524 2
+1 2
1058 2
524 4
+2 1

fn=(1012)
269 5
+1 1
-1 1
+1 3
+5 3
+3 1
173 1
278 2
+2 2
+6 2
+7 1
fi=(213)
1025 3
+1 2
fe=(204)
293 2
+1 3
-1 1
cfi=(205)
cfn=(1014)
calls=1 462 
* 96
-2 3

fn=(1036)
53 4
+1 8
+28 4
cfn=(1038) __GI__IO_un_link.part.0
calls=2 -30 
* 200

fn=(1038)
52 8
+6 2
-6 4
+6 2
-6 8
+6 8
cfi=(206)
cfn=(978)
calls=2 -34 
* 26
+1 14
+2 2
-1 2
+1 20
+4 4
+9 4
+2 12
+3 4
cfi=(206)
cfn=(980)
calls=2 -25 
* 18
+3 18
-19 2
-2 4
+2 4
+13 6
+2 2
-2 2
+1 2
+1 10
-12 6
-7 6

fn=(1042)
937 42
+2 14
+5 21
+2 21

fn=(1058)
601 12
+2 6
+6 6
+3 6
54 4
624 6

fn=(970)
563 22
+1 2
cfn=(972) _IO_old_init
calls=2 -33 
* 50
+1 2
+1 4
+2 2
+4 2
+7 2
+2 2
-9 10
+15 2
+1 12

fn=(1002)
343 2
+1 4
-1 14
+3 6
+1 2
fi=(213)
1025 6
+1 4
fe=(204)
347 4
cfi=(211)
cfn=(1004)
calls=2 78 
* 537
* 4
+3 12

fn=(1122)
371 1925
+3 700
fi=(213)
1025 175
fe=(204)
373 350
+16 228
+8 175
+2 350
-20 700
+2 175
+1 350
+2 350
+2 122
+1 61
-1 61
cob=(3)
cfi=(153)
cfn=(1124)
calls=61 0 
* 1825
* 61
+1 61
-12 175
+29 1400
-11 453
-4 111
+5 590
-1 885
+2 530
-1 14
-1 42
+1 14
-1 28
+1 70
-1 70
+1 68
-1 68
+1 66
-1 66
+1 66
-1 66
-4 154
+5 92
-1 71

fn=(1844) _IO_flush_all
686 5
+5 1
-5 1
+5 1
-5 6
+5 4
cfi=(206)
cfn=(978)
calls=1 24 
* 13
+1 12
+3 3
-8 1
fi=(213)
1025 2
fe=(204)
708 18
+1 3
-14 9
+2 3
+1 45
+2 21
+8 18
+5 3
+1 2
cfi=(206)
cfn=(980)
calls=1 54 
* 9
+4 12
-5 6

fn=(998) _IO_sgetn
409 2
fi=(213)
1025 1
fe=(204)
409 3
+2 1
fi=(213)
1025 2
+1 2
fe=(204)
411 1
+1 2
-1 1
cfi=(205)
cfn=(1000)
calls=1 1273 
* 514

fn=(972)
531 2
+3 2
-2 2
+2 2
+5 2
-7 2
+2 2
+10 2
-10 2
+16 2
-11 2
-5 2
+16 2
-16 2
+21 2
-16 10
+16 4
+1 4
+2 2

fn=(976)
87 28
+1 20
+18 36
-16 2
+2 6
-2 2
+2 8
cfi=(206)
cfn=(978)
calls=2 -68 
* 26
+1 14
+10 4
cfi=(206)
cfn=(980)
calls=2 -49 
* 18
+3 2
-11 10
+2 2
-2 2
+3 2
-3 2
+2 2
+3 8
+2 2
-2 2
+1 2
+1 10
-9 4
+1 2
+1 4

fn=(1018)
164 36
+1 18
+1 2
fi=(213)
1025 6
+1 4
fe=(204)
166 6
cfi=(205)
cfn=(1118)
calls=2 732 
* 274
* 4
+7 2
-5 18
+4 12
+1 12
+7 6
-4 6
+4 6
-2 12
+3 6
+1 24

fn=(1842)
842 6
-66 1
+66 6
+1 1
cfn=(1844)
calls=1 686 
* 198
-67 2
+67 1
-67 3
cfi=(206)
cfn=(978)
calls=1 24 
* 13
+1 12
+3 3
fi=(213)
1025 1
fe=(204)
785 1
-1 1
+1 4
-1 2
+1 40
+7 3
-7 3
+7 6
+2 6
+20 3
+2 6
+1 3
-37 9
+41 3
+1 2
cfi=(206)
cfn=(980)
calls=1 54 
* 9
+33 12
-78 3
+39 27
+5 6

fl=(148)
fn=(466)
33 9
+2 1
cfi=(149)
cfn=(468)
calls=1 -6 
* 17
+3 1
fi=(151) ./elf/../sysdeps/nptl/pthread_early_init.h
-5 2
fe=(148)
+8 1
-3 1
+3 1
fi=(151)
-8 1
cfi=(150)
cfn=(470)
calls=1 +5 
* 10
* 3
+1 1
+4 5
+7 1
fi=(297) ./elf/../nptl/nptl-stack.h
+16 3
fi=(151)
-16 1
fi=(297)
+16 2
fi=(151)
-7 1
fi=(297)
+7 3
fi=(151)
-9 1
-6 1
+2 2
+4 4
+1 1
+3 1
cfi=(152)
cfn=(474)
calls=1 -1 
* 104
fe=(148)
-9 3
+2 2
-2 1
cfi=(154)
cfn=(478)
calls=1 +45 
* 169

fl=(157)
fn=(510)
46 6
+5 2
+4 5
+8 1
-2 1
+10 1
-9 1
+1 1
+9 3
-1 1
cfi=(158) ./misc/./misc/init-misc.c
cfn=(512) __init_misc
calls=1 -41 
* 50

fl=(160)
fn=(518)
545 1
+1 4
+1 3
+1 3
+2 1

fl=(126)
fn=(386)
31 1
fi=(114)
+6 2
-1 4
fe=(126)
-5 2
fi=(114)
+7 3
+3 2
+4 3
+3 4
fe=(126)

fl=(217)
fn=(1034)
34 16
+14 6
+9 2
fi=(213)
1025 6
+1 4
fe=(217)
57 6
cfi=(205)
cfn=(1056)
calls=2 168 
* 68
+1 6
+13 4
fi=(213)
951 8
+1 8
+6 4
cob=(3)
cfi=(153)
cfn=(1046)
calls=2 0 
* 174
fe=(217)
76 14
-27 2
cfi=(204)
cfn=(1036)
calls=2 +4 
* 208
+2 16
+1 4
+1 4
cfi=(205)
cfn=(1040)
calls=2 +75 
* 505
fi=(213)
979 2
fe=(217)
53 2
fi=(213)
979 6
+1 18
fe=(217)
51 10

fl=(236)
fn=(1208)
25 189
+1 1106
+1 182
-2 42
+1 7
cfi=(265)
cfn=(1742)
calls=7 +5 
* 126
* 77
cfi=(265)
cfn=(1746)
calls=7 +37 
* 105
* 7
+1 14

fl=(138)
fn=(428)
33 1
fi=(99)
+24 3
-1 2
+4 3
+14 2
+3 2
+8 2
+8 2
+3 5
fe=(138)

fl=(164)
fn=(546)
32 12
+1 3
fi=(165) ./posix/../sysdeps/unix/sysv/linux/x86/../sysconf.c
+16 10
fe=(164)
-12 10
fi=(166) ./posix/../sysdeps/posix/sysconf.c
+23 11
630 1
cfi=(167)
cfn=(552)
calls=1 230 
* 418
* 2
fe=(164)

fl=(209)
fn=(992)
53 2
+2 2
+1 2
+1 2
+1 2
+1 2
+3 2
+1 2
+4 2
+1 2
+1 2
+1 2
+1 2
+1 2
+1 2
+1 2
+3 2
+8 2
+8 2
+1 4

fn=(1496)
53 376608
+2 376608
+1 376608
+1 376608
+1 376608
+1 376608
+3 376608
+1 376608
+4 376608
+1 376608
+1 376608
+1 376608
+1 376608
+1 376608
+1 376608
+1 376608
+13 376608
+2 753216

fl=(272)
fn=(1774)
30 6
+3 6
-3 24
+3 15
+3 12
+4 21
-4 9
+57 12
+4 18
-4 9
+12 6
cfi=(273)
cfn=(1776)
calls=3 -23 
* 60
+1 12
+1 24

fl=(259)
fn=(1502)
169 125543
+3 502172
+2 251086
+9 12115288
+9 251086

fl=(87)
fn=(292)
30 1
fi=(88)
+11 2
-1 4
+2 3
+3 2
+4 3
+3 3
fe=(87)
-22 1

fl=(220)
fn=(1068)
63 1
+1 2
+8 3
fi=(221) /usr/lib/gcc/x86_64-linux-gnu/13/include/emmintrin.h
1341 3
+98 1
fe=(220)
99 2
+10 3
-34 1
fi=(221)
1341 1
fe=(220)
75 1
fi=(221)
1341 2
+98 1
fe=(220)
80 1
+1 2
+25 1
fi=(298) /usr/lib/gcc/x86_64-linux-gnu/13/include/smmintrin.h
687 1
fe=(220)
135 1
+1 4

fl=(225)
fn=(1096)
38 24
+4 15
+6 12
+3 3
cfi=(226)
cfn=(1098)
calls=3 * 
* 54
+1 15

fl=(98)
fn=(320)
29 2
fi=(99)
+28 6
-1 4
+4 6
+14 4
+3 4
+8 4
+8 4
+3 10
fe=(98)

fl=(113)
fn=(354)
31 1
fi=(114)
+6 2
-1 4
fe=(113)
-5 2
fi=(114)
+7 3
+3 2
+4 3
+3 4
fe=(113)

fl=(129)
fn=(402)
29 1
fi=(130) ./wcsmbs/../sysdeps/x86_64/multiarch/ifunc-memcmp.h
+5 5
+1 2
+1 2
+1 3
+3 2
+4 3
+3 4
fe=(129)
-18 2

fl=(137)
fn=(424)
31 1
fi=(97)
+9 3
-1 4
+2 3
+3 2
+4 4
fi=(299) ./wcsmbs/../sysdeps/x86_64/multiarch/wcpncpy.c
-17 1
fe=(137)

fl=(199)
fn=(940)
31 22
+2 22
+9 22
+1 44
+1 22
+4 22
+1 22
+1 22
+1 22
+1 22
+2 44
+2 22
+1 22
+1 22
+2 44
+2 22
+5 22
+1 22
+17 22
cfi=(200)
cfn=(942)
calls=22 -57 
* 286

fl=(223)
fn=(1078)
26 4
+1 24
+1 4

fl=(201)
fn=(954)
30 2
+1 1
-1 1
+1 3
cfi=(202)
cfn=(956)
calls=1 706 
* 462
+2 2

fl=(96)
fn=(316)
31 1
fi=(97)
+9 3
-1 4
+2 3
+3 2
+4 4
fe=(96)
-17 1

fl=(245)
fn=(1486)
587 126
+2 21
+4 21
-4 84
+4 21
+2 42
+5 21
+1 21
-2 21
+2 42
-1 21
+3 63
cfi=(254)
cfn=(1488)
calls=21 26 
* 11025
* 84
cfi=(233)
cfn=(1154)
calls=21 33 
* 441
+2 189
-2 63

fl=(158)
fn=(512)
30 1
+1 2
-1 4
+1 4
+2 3
cob=(3)
cfi=(153)
cfn=(514)
calls=1 -33 
* 24
+4 5
+1 3
+2 4

fl=(188)
fn=(742)
24 117
+1 104
+3 13
cob=(3)
cfi=(153)
cfn=(744)
calls=13 -28 
* 208
+1 13
-1 13
+1 1482
+2 728
+1 68
cob=(3)
cfi=(153)
cfn=(748)
calls=17 -32 
* 531
* 34
+5 117

fl=(176)
fn=(1554)
818 210
+10 21
+4 21
-4 42
+2 30
+23 63
+12 189
-33 20
+2 2
cfi=(167)
cfn=(1656)
calls=2 215 
* 836
+2 4
+1 2
+8 2
-8 6
+18 147
463 21
638 42
463 42
+7 147
cfn=(1556) alloc_new_heap
calls=21 -90 
* 2849
* 21
640 42
+9 63
fi=(175)
1946 42
+3 21
-3 21
+3 42
-3 42
+3 2646
-3 2646
+3 5292
-3 5292
+7 63
+2 21
+3 21
fe=(176)
657 21
-1 21
-5 21
+2 63
+5 42
+1 42
+2 21
-1 21
+1 63
+2 21
+1 21
+4 21
-4 21
+1 21
+3 21
-2 21
+2 42
+3 42
+7 21
-2 21
+2 63
+2 84
-61 42
+63 84
+12 84
857 42

fn=(1556)
380 189
49 63
387 63
+2 42
+1 21
+5 42
+7 21
+2 21
-9 21
+9 21
-9 84
+7 42
+2 45
cfi=(227)
cfn=(1102)
calls=9 47 
* 189
+1 9
-1 9
+2 54
+35 84
cfi=(237)
cfn=(1454)
calls=21 117 
* 126
* 42
+7 84
cfi=(233)
cfn=(1154)
calls=21 33 
* 441
fi=(175)
2008 84
fe=(176)
453 21
+2 21
-2 21
+3 21
+2 189
-44 84
cfi=(227)
cfn=(1102)
calls=12 47 
* 312
* 12
+1 24
+2 12
+1 60
+5 12
-3 36
+3 10
+1 40
cfi=(237)
cfn=(1216)
calls=10 117 
* 60
* 8
cfi=(237)
cfn=(1216)
calls=2 117 
* 12
* 12
49 21
+6 42
421 6
cfi=(237)
cfn=(1216)
calls=2 117 
* 12
* 4

fn=(584)
262 1
fi=(177) ./malloc/../sysdeps/unix/sysv/linux/not-cancel.h
97 3
fe=(176)
262 7
+5 1
fi=(177)
97 3
fi=(175)
3143 2
fe=(176)
292 2
+4 3
fi=(175)
1946 4
+3 1
-3 1
+3 2
-3 2
+3 126
-3 126
+3 252
-3 252
+11 1
fe=(176)
300 3
fi=(175)
1958 1
+2 1
fe=(176)
300 1
cob=(3)
cfi=(153)
cfn=(476)
calls=1 0 
* 25
+1 4
cob=(3)
cfi=(153)
cfn=(476)
calls=1 0 
* 26
+1 4
cob=(3)
cfi=(153)
cfn=(476)
calls=1 0 
* 25
+1 4
cob=(3)
cfi=(153)
cfn=(476)
calls=1 0 
* 25
+1 4
cob=(3)
cfi=(153)
cfn=(476)
calls=1 0 
* 26
+1 4
cob=(3)
cfi=(153)
cfn=(476)
calls=1 0 
* 25
+1 4
cob=(3)
cfi=(153)
cfn=(476)
calls=1 0 
* 25
+2 4
cob=(3)
cfi=(153)
cfn=(476)
calls=1 0 
* 25
+1 4
cob=(3)
cfi=(153)
cfn=(476)
calls=1 0 
* 25
+1 4
cob=(3)
cfi=(153)
cfn=(476)
calls=1 0 
* 25
+3 4
cob=(3)
cfi=(153)
cfn=(476)
calls=1 0 
* 25
+1 4
cob=(3)
cfi=(153)
cfn=(476)
calls=1 0 
* 25
+2 2
+10 8

fn=(1552)
703 126
+1 21
+2 21
-2 21
+2 21
-1 21
+26 147

fl=(216)
fn=(1028)
255 528508
+1 528508
+6 528508
+1 528508
+2 12123
+1 12123
+1 12123
+3 8572
+1 8572
+1 8572
+3 17144
+30 516385
+1 516385
+2 504652
+1 504652
+2 498805
+4 498805
+1 308995
+1 308995
+1 308995
+1 308995
+1 57949
+1 57949
+2 57949
+2 57949
-2 251046
+2 251046
+6 189810
+1 189810
+1 189810
+1 189810
+1 189810
+7 11733
+1 11733
+1 11733
+1 11733
+2 11733
+17 5847
+1 5847
+1 5847
+1 5847
+1 5847
+7 2372
+1 2372
+1 2372
+1 2372
+1 2372
+1 2372
+1 4744
+5 3551
+1 3551
+5 3549
+1 3549
+2 3219
+1 3219
+1 3219
+2 847
+1 847
+1 847
+1 847
+1 847
+1 847
+1 847
+1 847
+1 847
+1 847
+1 847
+1 847
+1 847
+1 847
+1 1694
+4 330
+1 330
+4 330
+2 330
+4 330
+1 330
+11 330
+3 330
+2 330
+2 330
+4 330
+1 330
+9 320
+1 320
+2 320
+2 320
+1 320
+1 320
+3 320
+2 320
+2 320
+2 640
+6 320
+1 320
+1 320
+1 320
+1 320
+1 320
+1 320
+1 320
+1 320
+1 320
+1 320
+1 320
-11 520
+1 520
+1 520
+1 520
+1 520
+1 520
+1 520
+1 520
+1 520
+1 520
+1 520
+1 520
+2 320
+1 320
+1 320
+1 320
+2 320
+4 640
+13 10
+1 10
+2 10
+1 10
+1 10
+2 10
+2 10
+2 20
+6 10
+1 10
+1 10
+1 10
+1 10
+1 10
+1 10
+1 10
+1 10
+1 10
+1 10
+1 10
-11 9
+1 9
+1 9
+1 9
+1 9
+1 9
+1 9
+1 9
+1 9
+1 9
+1 9
+1 9
+2 10
+1 10
+1 10
+1 10
+2 10
+1 20
+9 2
+7 2
+1 2
+30 2
+1 2
+4 2
+2 2
+3 2
+4 2
+1 2
+4 2
+4 2
+24 2
+2 2
+2 2
+2 2
+3 2
+1 2
+2 204754
+3 2
+2 2
+2 4

fn=(1126)
242 91531
+1 91531
+1 91531
+1 91531
+17 91531
+1 91531
+2 4702
+1 4702
+1 4702
+3 3589
+1 3589
+1 3589
+3 7178
+30 86829
+1 86829
+2 47642
+1 47642
+2 39396
+4 39396
+1 15
+1 15
+1 15
+1 15
+1 12
+1 12
+2 12
+2 12
-2 3
+2 3
+6 39381
+1 39381
+1 39381
+1 39381
+1 39381
+7 39187
+1 39187
+1 39187
+1 39187
+2 39187
+17 8246
+1 8246
+1 8246
+1 8246
+1 8246
+7 709
+1 709
+1 709
+1 709
+1 709
+1 709
+1 1418
+5 1113
+1 1113
+5 1113
+1 1113
+2 997
+1 997
+1 997
+2 288
+1 288
+1 288
+1 288
+1 288
+1 288
+1 288
+1 288
+1 288
+1 288
+1 288
+1 288
+1 288
+1 288
+1 576
+4 116
+1 116
+4 116
+2 116
+4 116
+1 116
+11 116
+3 116
+2 116
+2 116
+4 116
+1 116
+9 111
+1 111
+2 111
+2 111
+1 111
+1 111
+3 111
+2 111
+2 111
+2 222
+6 111
+1 111
+1 111
+1 111
+1 111
+1 111
+1 111
+1 111
+1 111
+1 111
+1 111
+1 111
-11 333
+1 333
+1 333
+1 333
+1 333
+1 333
+1 333
+1 333
+1 333
+1 333
+1 333
+1 333
+2 111
+1 111
+1 111
+1 111
+2 111
+4 222
+13 5
+1 5
+2 5
+1 5
+1 5
+2 5
+2 5
+2 10
+6 5
+1 5
+1 5
+1 5
+1 5
+1 5
+1 5
+1 5
+1 5
+1 5
+1 5
+1 5
-11 8
+1 8
+1 8
+1 8
+1 8
+1 8
+1 8
+1 8
+1 8
+1 8
+1 8
+1 8
+2 5
+1 5
+1 5
+1 5
+2 5
+1 10

fn=(1164)
249 93544
+1 93544
+1 467720
+4 93544
+1 93544
+6 93544
+1 93544
+42 93544
+1 93544
+2 93490
+1 93490
+2 65969
+4 65969
+1 702
+1 702
+1 702
+1 702
+1 702
+1 702
+2 702
+2 702
+6 65267
+1 65267
+1 65267
+1 65267
+1 65267
+7 54
+1 54
+1 54
+1 54
+2 54
+17 27521
+1 27521
+1 27521
+1 27521
+1 27521

fl=(210)
fn=(996)
31 7
+1 1
-1 1
+1 1
-1 1
+4 6
+2 10
+1 4
cfi=(204)
cfn=(998)
calls=1 409 
* 529
fi=(213)
979 2
+1 9
fe=(210)
40 2
+1 9
-1 2
-3 4

ob=(5)
fl=(161)
fn=(664) 0x000000000000e4c0
0 9
cob=(3)
cfi=(153)
cfn=(666)
calls=1 0 
0 921
0 5

fn=(1294)
0 18
cfn=(1296) 0x0000000000024610
calls=1 0 
0 1376
0 1

fn=(1566)
0 880
cfn=(1568) GOMP_loop_static_start
calls=22 0 
0 2608
0 66

fn=(1612)
0 476
cfn=(1620) 0x0000000000025820
calls=22 0 
0 1996595
0 176

fn=(866) 0x000000000003c0d0
0 40
cob=(3)
cfi=(153)
cfn=(868)
calls=1 0 
0 835
0 5

fn=(1314)
0 29

fn=(1348) 0x000000000000e530
0 10
cob=(3)
cfi=(153)
cfn=(1350)
calls=1 0 
0 1359
0 5

fn=(1582) 0x0000000000012680
0 63924

fn=(1620)
0 1996595

fn=(574) 0x000000000000e490
0 21
cob=(3)
cfi=(153)
cfn=(576)
calls=3 0 
0 3207
0 15

fn=(1296)
0 7
cfn=(574)
calls=1 0 
0 326
0 5
cfn=(1300) 0x000000000001b490
calls=1 0 
0 19
0 5
cob=(3)
cfi=(153)
cfn=(1304)
calls=1 0 
0 1010
0 4

fn=(1680)
0 132

fn=(906)
0 6
cob=(3)
cfi=(153)
cfn=(868)
calls=1 0 
0 29
0 4

fn=(1300)
0 437

fn=(524)
0 12

fn=(1548)
0 88

fn=(1818)
0 3
cob=(3)
cfi=(153)
cfn=(1812)
calls=1 0 
0 18

fn=(1824)
0 9
cob=(3)
cfi=(153)
cfn=(1830)
calls=1 0 
0 80
0 1
cfn=(1834) 0x000000000000e3d0
calls=1 0 
0 5
0 3

fn=(1320) 0x00000000000186f0
0 38

fn=(1368) 0x0000000000024680
0 34

fn=(1514) 0x0000000000025770
0 7654809

fn=(532) 0x00000000000250e0
0 7
cob=(3)
cfi=(153)
cfn=(534)
calls=1 0 
0 1169
0 5
cfn=(574)
calls=1 0 
0 2591
0 2
cob=(3)
cfi=(153)
cfn=(610)
calls=1 0 
0 766
0 7
cob=(3)
cfi=(153)
cfn=(618)
calls=1 0 
0 1301
0 6
cob=(3)
cfi=(153)
cfn=(632)
calls=1 0 
0 907
0 665

fn=(1810)
0 3
cob=(3)
cfi=(153)
cfn=(1812)
calls=1 0 
0 827

fn=(752) 0x0000000000010b20
0 5

fn=(1318)
0 13
cfn=(1320)
calls=1 0 
0 38
0 3
cfn=(1334) 0x00000000000227d0
calls=1 0 
0 1850
0 7
cfn=(1374) 0x00000000000229f0
calls=1 0 
0 29138
0 2
cob=(6)
cfi=(194)
cfn=(1544)
calls=1 0 
0 94106617
0 28
cfn=(1684) 0x0000000000025a10
calls=1 0 
0 79326
0 5
cfn=(1704) 0x0000000000024720
calls=1 0 
0 6
0 1
cfn=(1710) 0x000000000001b500
calls=1 0 
0 16
0 33

fn=(1568)
0 418
cfn=(1570) 0x0000000000024750
calls=22 0 
0 602
0 130
cfn=(1582)
calls=22 0 
0 1232
0 226

fn=(1676)
0 132

fn=(1704)
0 6

fn=(1710)
0 16

fn=(658) 0x000000000000cb30
0 22
cfn=(664)
calls=1 0 
0 935
0 23

fn=(1282)
0 18

fn=(1334)
0 20
cfn=(1348)
calls=1 0 
0 1374
0 14
cfn=(1368)
calls=1 0 
0 17
0 48
cfn=(574)
calls=1 0 
0 326
0 10
cob=(3)
cfi=(153)
cfn=(1304)
calls=1 0 
0 39
0 2

fn=(1570)
0 409
cfn=(1368)
calls=1 0 
0 17
0 176

fn=(1820)
0 6

fn=(776) 0x0000000000010290
0 28
cfn=(778) 0x000000000000fbe0
calls=2 0 
0 50
0 26

fn=(778)
0 50

fn=(1510)
0 987
cfn=(1514)
calls=21 0 
0 6303553
0 57
cfn=(1514)
calls=18 0 
0 1346996
0 84
cob=(6)
cfi=(194)
cfn=(1544)
calls=21 0 
0 1938377242
0 42
cfn=(1684)
calls=21 0 
0 3162488
0 54

fn=(894) 0x0000000000045060
0 18
cob=(3)
cfi=(153)
cfn=(768)
calls=1 0 
0 223
0 12

fn=(1374)
0 77
cfn=(1300)
calls=1 0 
0 19
0 576
cfn=(1300)
calls=21 0 
0 399
0 357
cob=(3)
cfi=(153)
cfn=(1442)
calls=21 0 
0 22275
0 316
cfn=(1514)
calls=1 0 
0 4260
0 21
cfn=(1402) 0x000000000000e500
calls=1 0 
0 819
0 19

fn=(1402)
0 7
cob=(3)
cfi=(153)
cfn=(1404)
calls=1 0 
0 807
0 5

fn=(530)
0 13
cfn=(532)
calls=1 0 
0 7426
0 6
cfn=(658)
calls=1 0 
0 980
0 254
cob=(3)
cfi=(153)
cfn=(700)
calls=28 0 
0 1706
0 179
cob=(3)
cfi=(153)
cfn=(768)
calls=1 0 
0 1155
0 6
cfn=(776)
calls=1 0 
0 52
0 2
cob=(3)
cfi=(153)
cfn=(738)
calls=1 0 
0 250
0 6
cob=(3)
cfi=(153)
cfn=(738)
calls=1 0 
0 283
0 34
cob=(3)
cfi=(153)
cfn=(738)
calls=1 0 
0 1000
0 6
cfn=(752)
calls=1 0 
0 5
0 6
cob=(3)
cfi=(153)
cfn=(738)
calls=1 0 
0 250
0 9
cob=(3)
cfi=(153)
cfn=(738)
calls=1 0 
0 292
0 9
cob=(3)
cfi=(153)
cfn=(828)
calls=1 0 
0 819
0 5
cob=(3)
cfi=(153)
cfn=(738)
calls=1 0 
0 259
0 6
cob=(3)
cfi=(153)
cfn=(738)
calls=1 0 
0 217
0 5
cfn=(776)
calls=1 0 
0 52
0 6
cob=(3)
cfi=(153)
cfn=(738)
calls=1 0 
0 217
0 5
cob=(3)
cfi=(153)
cfn=(738)
calls=1 0 
0 292
0 4
cfn=(866)
calls=1 0 
0 880
0 1
cfn=(894)
calls=1 0 
0 253
0 32
cob=(3)
cfi=(153)
cfn=(738)
calls=1 0 
0 292
0 29

fn=(1606)
0 11250
cfn=(1582)
calls=1125 0 
0 62692
0 6750

fn=(1684)
0 3241814

fn=(1834)
0 5

ob=(4)
fl=(156)
fn=(1802) 0x0000000000001060
0 5

fn=(504)
0 12

fn=(1792)
0 9
cob=(3)
cfi=(153)
cfn=(1798)
calls=1 0 
0 80
0 1
cfn=(1802)
calls=1 0 
0 5
0 3

totals: 2274231953
